facility_id,site_group,site_name,station_id,station_type,well use,aquifer,well_use,latitude,longitude,easting,northing,SZ_TOP(ft MSL),SZ_BOT(ft MSL),ground_elevation,reference_elevation_code,reference_elevation,total_depth,constr_obj_diameter,constr_obj_material,pump_type,completion_date,date_sealed
SRS,GSA,F & H-AREA HAZARDOUS WASTE MANAGEMENT FACILITIES  (GROUNDWATER),FAI-001A,MONITORING WELL,Auxiliary Observation,UAZ_UTRAU,ACTIVE ECO-SENSITIVE,33.27387168,-81.62290443,441989.564,3681629.999,232.3,231.3,250.1,C,252.63,19.1,2.0,PVC,NONE,2016-03-22,
SRS,GSA,F & H-AREA HAZARDOUS WASTE MANAGEMENT FACILITIES  (GROUNDWATER),FAI-001B,MONITORING WELL,Auxiliary Observation,UAZ_UTRAU,ACTIVE ECO-SENSITIVE,33.27387348,-81.62289138,441990.781,3681630.192,241.6,240.6,250.2,C,252.73,9.9,2.0,PVC,NONE,2016-03-22,
SRS,GSA,F & H-AREA HAZARDOUS WASTE MANAGEMENT FACILITIES  (GROUNDWATER),FAI-001C,MONITORING WELL,Auxiliary Observation,UAZ_UTRAU,ACTIVE ECO-SENSITIVE,33.27387396,-81.62289513,441990.432,3681630.247,243.68,242.68,250.2,C,252.74,7.82,2.0,PVC,NONE,2016-03-22,
SRS,GSA,F & H-AREA HAZARDOUS WASTE MANAGEMENT FACILITIES  (GROUNDWATER),FAI-001D,MONITORING WELL,Auxiliary Observation,UAZ_UTRAU,ACTIVE ECO-SENSITIVE,33.27387372,-81.62290053,441989.928,3681630.223,247.75,246.75,250.1,C,252.56,3.65,2.0,PVC,NONE,2016-03-22,
SRS,GSA,F & H-AREA HAZARDOUS WASTE MANAGEMENT FACILITIES  (GROUNDWATER),FAI-002A,MONITORING WELL,Auxiliary Observation,UAZ_UTRAU,ACTIVE ECO-SENSITIVE,33.2639607,-81.68546241,436156.287,3680567.719,166.88,165.88,185.1,C,187.58,3.65,2.0,PVC,NONE,2016-03-29,
SRS,GSA,F & H-AREA HAZARDOUS WASTE MANAGEMENT FACILITIES  (GROUNDWATER),FAI-002B,MONITORING WELL,Auxiliary Observation,UAZ_UTRAU,ACTIVE ECO-SENSITIVE,33.26395776,-81.68546022,436156.489,3680567.391,170.85,169.85,185.2,C,187.52,15.65,2.0,PVC,NONE,2016-03-30,
SRS,GSA,F & H-AREA HAZARDOUS WASTE MANAGEMENT FACILITIES  (GROUNDWATER),FAI-002C,MONITORING WELL,Auxiliary Observation,UAZ_UTRAU,ACTIVE ECO-SENSITIVE,33.26395437,-81.6854577,436156.721,3680567.014,180.81,179.81,185.2,C,187.79,5.69,2.0,PVC,NONE,2016-03-30,
SRS,GSA,F & H-AREA HAZARDOUS WASTE MANAGEMENT FACILITIES  (GROUNDWATER),FAI-002D,MONITORING WELL,Auxiliary Observation,UAZ_UTRAU,ACTIVE ECO-SENSITIVE,33.26395337,-81.68545259,436157.196,3680566.9,183.32,182.32,185.3,C,188.11,3.28,2.0,PVC,NONE,2016-03-30,
SRS,GSA,F & H-AREA HAZARDOUS WASTE MANAGEMENT FACILITIES  (GROUNDWATER),FAI-003A,MONITORING WELL,Auxiliary Observation,UAZ_UTRAU,ACTIVE ECO-SENSITIVE,33.26809175,-81.67817676,436837.856,3681021.276,167.45,166.45,185.4,C,188.12,19.25,2.0,PVC,NONE,2016-04-05,
SRS,GSA,F & H-AREA HAZARDOUS WASTE MANAGEMENT FACILITIES  (GROUNDWATER),FAI-003B,MONITORING WELL,Auxiliary Observation,UAZ_UTRAU,ACTIVE ECO-SENSITIVE,33.26809512,-81.67817517,436838.007,3681021.649,175.9,174.9,185.6,C,188.35,11.0,2.0,PVC,NONE,2016-04-05,
SRS,GSA,F & H-AREA HAZARDOUS WASTE MANAGEMENT FACILITIES  (GROUNDWATER),FAI-003C,MONITORING WELL,Auxiliary Observation,UAZ_UTRAU,ACTIVE ECO-SENSITIVE,33.26809798,-81.67817365,436838.15,3681021.964,183.1,182.1,185.8,C,188.22,4.0,2.0,PVC,NONE,2016-04-05,
SRS,GSA,F & H-AREA HAZARDOUS WASTE MANAGEMENT FACILITIES  (GROUNDWATER),FAI-003D,MONITORING WELL,Auxiliary Observation,UAZ_UTRAU,ACTIVE ECO-SENSITIVE,33.26810216,-81.67817424,436838.099,3681022.428,183.74,182.74,186.0,C,188.51,3.56,2.0,PVC,NONE,2016-04-05,
SRS,GSA,F & H-AREA HAZARDOUS WASTE MANAGEMENT FACILITIES  (GROUNDWATER),FAI-004A,MONITORING WELL,Auxiliary Observation,UAZ_UTRAU,ACTIVE ECO-SENSITIVE,33.27022454,-81.6758974,437051.68,3681256.351,169.1,168.1,187.9,C,190.65,20.1,2.0,PVC,NONE,2016-04-13,
SRS,GSA,F & H-AREA HAZARDOUS WASTE MANAGEMENT FACILITIES  (GROUNDWATER),FAI-004B,MONITORING WELL,Auxiliary Observation,UAZ_UTRAU,ACTIVE ECO-SENSITIVE,33.27022818,-81.67589763,437051.66,3681256.755,173.6,172.6,187.9,C,190.4,15.6,2.0,PVC,NONE,2016-04-13,
SRS,GSA,F & H-AREA HAZARDOUS WASTE MANAGEMENT FACILITIES  (GROUNDWATER),FAI-004C,MONITORING WELL,Auxiliary Observation,UAZ_UTRAU,ACTIVE ECO-SENSITIVE,33.27023038,-81.6758996,437051.479,3681257.0,185.41,184.41,187.9,C,190.32,3.79,2.0,PVC,NONE,2016-04-13,
SRS,GSA,F & H-AREA HAZARDOUS WASTE MANAGEMENT FACILITIES  (GROUNDWATER),FAI-004D,MONITORING WELL,Auxiliary Observation,UAZ_UTRAU,ACTIVE ECO-SENSITIVE,33.27023449,-81.67590069,437051.38,3681257.456,186.73,185.73,187.9,C,190.61,2.47,2.0,PVC,NONE,2016-04-13,
SRS,GSA,F & H-AREA HAZARDOUS WASTE MANAGEMENT FACILITIES  (GROUNDWATER),FAS-091,SURFACE WATER,FMB Seepline Surface Water Location,,ACTIVE ECO-SENSITIVE,33.27079548,-81.67618759,437025.062,3681319.823,,,189.32,G,,,,,,,
SRS,GSA,F & H-AREA HAZARDOUS WASTE MANAGEMENT FACILITIES  (GROUNDWATER),FAS-092,SURFACE WATER,FMB Seepline Surface Water Location,,ACTIVE ECO-SENSITIVE,33.27032439,-81.67541347,437096.821,3681267.129,,,184.45,G,,,,,,,
SRS,GSA,F & H-AREA HAZARDOUS WASTE MANAGEMENT FACILITIES  (GROUNDWATER),FAS-093,SURFACE WATER,FMB Seepline Surface Water Location,,ACTIVE,33.26782506,-81.67813629,436841.433,3680991.685,,,182.26,G,,,,,,,
SRS,GSA,F & H-AREA HAZARDOUS WASTE MANAGEMENT FACILITIES  (GROUNDWATER),FAS-093R,SURFACE WATER,FMB Seepline Surface Water Location,,ACTIVE ECO-SENSITIVE,33.2681288,-81.67811717,436843.433136,3681025.34774,,,,G,,,,,,,
SRS,GSA,F & H-AREA HAZARDOUS WASTE MANAGEMENT FACILITIES  (GROUNDWATER),FAS-094,SURFACE WATER,FMB Seepline Surface Water Location,,ACTIVE,33.26976936,-81.67534622,437102.687,3681205.556,,,183.62,G,,,,,,,
SRS,GSA,F & H-AREA HAZARDOUS WASTE MANAGEMENT FACILITIES  (GROUNDWATER),FAS-095,SURFACE WATER,FMB Seepline Surface Water Location,,ACTIVE,33.26909285,-81.67629744,437013.609,3681131.127,,,183.77,G,,,,,,,
SRS,GSA,F & H-AREA HAZARDOUS WASTE MANAGEMENT FACILITIES  (GROUNDWATER),FAS-095R,SURFACE WATER,FMB Seepline Surface Water Location,,ACTIVE ECO-SENSITIVE,33.26938162,-81.67670414,436975.937899,3681163.38782,,,,G,,,,,,,
SRS,GSA,F & H-AREA HAZARDOUS WASTE MANAGEMENT FACILITIES  (GROUNDWATER),FAS-096,SURFACE WATER,FMB Seepline Surface Water Location,,ACTIVE ECO-SENSITIVE,33.26727746,-81.68064673,436607.223,3680932.497,,,186.29,G,,,,,,,
SRS,GSA,F & H-AREA HAZARDOUS WASTE MANAGEMENT FACILITIES  (GROUNDWATER),FAS-097,SURFACE WATER,FMB Seepline Surface Water Location,,ACTIVE ECO-SENSITIVE,33.2666897,-81.6804052,436629.294,3680867.188,,,179.5,G,,,,,,,
SRS,GSA,F & H-AREA HAZARDOUS WASTE MANAGEMENT FACILITIES  (GROUNDWATER),FAS-103,SURFACE WATER,FMB Seepline Surface Water Location,,ACTIVE ECO-SENSITIVE,33.26507819,-81.68245384,436437.319,3680689.774,,,179.0,G,,,,,,,
SRS,GSA,F & H-AREA HAZARDOUS WASTE MANAGEMENT FACILITIES  (GROUNDWATER),FAW-001,MONITORING WELL,Auxiliary Observation,,ACTIVE,33.27307725,-81.68417973,436282.379,3681577.639,217.94,187.94,279.94,C,282.14,97.0,4.0,PVC,,2008-07-30,
SRS,GSA,F & H-AREA HAZARDOUS WASTE MANAGEMENT FACILITIES  (GROUNDWATER),FAW-005,MONITORING WELL,Auxiliary Observation,,ACTIVE,33.2714048,-81.67926579,436738.817,3681389.235,207.48,172.48,237.48,C,239.99,70.0,4.0,PVC,,2008-08-01,
SRS,GSA,F & H-AREA HAZARDOUS WASTE MANAGEMENT FACILITIES  (GROUNDWATER),FAW-006,MONITORING WELL,Auxiliary Observation,,ACTIVE,33.27167719,-81.68087726,436588.931,3681420.411,207.54,172.54,254.54,C,257.07,82.4,4.0,PVC,,2011-04-06,
SRS,GSA,F & H-AREA HAZARDOUS WASTE MANAGEMENT FACILITIES  (GROUNDWATER),FAW-007,MONITORING WELL,Auxiliary Observation,,ACTIVE,33.27283855,-81.67992442,436678.51,3681548.587,202.53,162.53,267.53,C,270.03,105.4,4.0,PVC,,2011-04-12,
SRS,GSA,F & H-AREA HAZARDOUS WASTE MANAGEMENT FACILITIES  (GROUNDWATER),FAW-008,MONITORING WELL,Auxiliary Observation,,ACTIVE,33.27631525,-81.68245953,436444.93,3681935.57,231.54,181.54,298.54,C,301.14,117.4,4.0,PVC,,2011-04-14,
SRS,GSA,F & H-AREA HAZARDOUS WASTE MANAGEMENT FACILITIES  (GROUNDWATER),FBI-001D,INJECTION WELL,Injection Well,,ABANDONED,33.272936247,-81.6808143138,436595.7037361,3681559.95799546,191.44,171.48,280.95,S,283.22,124.0,2.0,PVC,VARIABLE SPEED PUMP,2001-03-07,2003-06-23
SRS,GSA,F & H-AREA HAZARDOUS WASTE MANAGEMENT FACILITIES  (GROUNDWATER),FBI-002D,INJECTION WELL,Injection Well,,ABANDONED,33.2729236708,-81.6806700168,436609.13329366,3681558.47613049,190.54,170.58,279.73,S,281.91,119.0,2.0,PVC,VARIABLE SPEED PUMP,2001-03-01,2003-06-23
SRS,GSA,F & H-AREA HAZARDOUS WASTE MANAGEMENT FACILITIES  (GROUNDWATER),FBI-003D,INJECTION WELL,Injection Well,,ABANDONED,33.27280934,-81.68078555,436598.291,3681545.871,193.42,173.46,279.13,S,281.4,114.04,2.0,PVC,VARIABLE SPEED PUMP,2001-03-05,2003-06-24
SRS,GSA,F & H-AREA HAZARDOUS WASTE MANAGEMENT FACILITIES  (GROUNDWATER),FBI-004D,INJECTION WELL,Injection Well,,ABANDONED,33.27279952,-81.68067856,436608.248,3681544.718,194.12,174.16,277.81,S,280.17,110.0,2.0,PVC,VARIABLE SPEED PUMP,2001-03-04,2003-06-24
SRS,GSA,F & H-AREA HAZARDOUS WASTE MANAGEMENT FACILITIES  (GROUNDWATER),FBI-005D,INJECTION WELL,Injection Well,,ABANDONED,33.27286118,-81.68054263,436620.952,3681551.47,197.79,177.83,277.73,S,280.01,114.0,2.0,PVC,VARIABLE SPEED PUMP,2001-03-02,2003-06-24
SRS,GSA,F & H-AREA HAZARDOUS WASTE MANAGEMENT FACILITIES  (GROUNDWATER),FBI-006D,INJECTION WELL,Injection Well,,ABANDONED,33.27263767,-81.68112142,436566.886,3681527.043,186.87,166.91,278.19,S,280.47,119.0,2.0,PVC,VARIABLE SPEED PUMP,2001-02-13,2003-06-24
SRS,GSA,F & H-AREA HAZARDOUS WASTE MANAGEMENT FACILITIES  (GROUNDWATER),FBI-007D,INJECTION WELL,Injection Well,,ABANDONED,33.27283966,-81.68010365,436661.819,3681548.818,191.48,171.52,270.5,S,272.92,109.0,2.0,PVC,VARIABLE SPEED PUMP,2001-02-20,2003-06-24
SRS,GSA,F & H-AREA HAZARDOUS WASTE MANAGEMENT FACILITIES  (GROUNDWATER),FBI-008D,INJECTION WELL,Injection Well,,ABANDONED,33.27289442,-81.68029737,436643.818,3681555.007,193.04,173.08,275.16,S,277.35,110.0,2.0,PVC,VARIABLE SPEED PUMP,2001-02-18,2003-06-24
SRS,GSA,F & H-AREA HAZARDOUS WASTE MANAGEMENT FACILITIES  (GROUNDWATER),FBI-009D,INJECTION WELL,Injection Well,,ABANDONED,33.27284919,-81.67994799,436676.323,3681549.78,187.71,167.73,268.01,S,270.23,108.0,2.0,PVC,VARIABLE SPEED PUMP,2001-02-16,2003-06-23
SRS,GSA,F & H-AREA HAZARDOUS WASTE MANAGEMENT FACILITIES  (GROUNDWATER),FBI-010D,MONITORING WELL,,,ABANDONED,33.27297114,-81.68010843,436661.469,3681563.398,190.87,170.89,273.49,S,275.74,109.0,2.0,PVC,VARIABLE SPEED PUMP,2001-03-15,2003-06-24
SRS,GSA,F & H-AREA HAZARDOUS WASTE MANAGEMENT FACILITIES  (GROUNDWATER),FBI-011D,MONITORING WELL,,,ABANDONED,33.2730397,-81.6794185,436725.773,3681570.581,183.76,163.8,266.24,S,268.52,110.0,2.0,PVC,VARIABLE SPEED PUMP,2001-03-15,2003-06-23
SRS,GSA,F & H-AREA HAZARDOUS WASTE MANAGEMENT FACILITIES  (GROUNDWATER),FBI-012D,MONITORING WELL,,,ABANDONED,33.27297963,-81.67985505,436685.073,3681564.185,186.92,166.94,269.92,S,272.19,110.0,2.0,PVC,VARIABLE SPEED PUMP,2001-03-15,2003-06-23
SRS,GSA,F & H-AREA HAZARDOUS WASTE MANAGEMENT FACILITIES  (GROUNDWATER),FBI-013D,MONITORING WELL,Auxiliary Observation,UAZ_UTRAU,ACTIVE,33.2717785,-81.67857144,436803.753,3681430.245,172.14,162.13,231.27,C,233.67,72.0,2.0,PVC,VARIABLE SPEED PUMP,2002-04-04,
SRS,GSA,F & H-AREA HAZARDOUS WASTE MANAGEMENT FACILITIES  (GROUNDWATER),FBI-014C,MONITORING WELL,Auxiliary Observation,LAZ_UTRAU,ACTIVE,33.27166736,-81.67745392,436907.751,3681417.247,158.78,148.78,222.8,S,225.58,76.52,2.0,PVC,VARIABLE SPEED PUMP,2003-12-30,
SRS,GSA,F & H-AREA HAZARDOUS WASTE MANAGEMENT FACILITIES  (GROUNDWATER),FBI-014D,MONITORING WELL,Plume Assessment Well,UAZ_UTRAU,ACTIVE,33.27162418,-81.6774153,436911.317,3681412.437,180.33,170.32,221.84,C,224.36,54.5,2.0,PVC,VARIABLE SPEED PUMP,2002-03-22,
SRS,GSA,F & H-AREA HAZARDOUS WASTE MANAGEMENT FACILITIES  (GROUNDWATER),FBI-015D,MONITORING WELL,Auxiliary Observation,UAZ_UTRAU,ACTIVE,33.2709165,-81.67738325,436913.793,3681333.961,188.91,178.88,210.0,C,212.81,35.5,2.0,PVC,VARIABLE SPEED PUMP,2002-04-17,
SRS,GSA,F & H-AREA HAZARDOUS WASTE MANAGEMENT FACILITIES  (GROUNDWATER),FBI-016C,MONITORING WELL,Auxiliary Observation,LAZ_UTRAU,ACTIVE,33.27139433,-81.67817267,436840.615,3681387.413,155.91,145.0,225.0,S,227.92,81.6,2.0,PVC,VARIABLE SPEED PUMP,2003-12-19,
SRS,GSA,F & H-AREA HAZARDOUS WASTE MANAGEMENT FACILITIES  (GROUNDWATER),FBI-016D,MONITORING WELL,Auxiliary Observation,UAZ_UTRAU,ACTIVE,33.27139859,-81.67822552,436835.695,3681387.918,178.14,168.09,225.21,C,227.82,62.5,2.0,PVC,VARIABLE SPEED PUMP,2002-04-12,
SRS,GSA,F & H-AREA HAZARDOUS WASTE MANAGEMENT FACILITIES  (GROUNDWATER),FBI-017D,MONITORING WELL,Auxiliary Observation,UAZ_UTRAU,ACTIVE,33.27081556,-81.67801569,436854.818,3681323.153,182.65,171.95,220.65,S,223.64,55.38,2.0,SS,VARIABLE SPEED PUMP,2002-10-10,
SRS,GSA,F & H-AREA HAZARDOUS WASTE MANAGEMENT FACILITIES  (GROUNDWATER),FBW-002D,PIEZOMETER WELL,,,ABANDONED,33.2716663,-81.67720082,436931.322,3681416.978,192.92,172.92,219.92,C,221.56,57.0,1.0,PVC,NONE,2004-06-14,2010-03-04
SRS,GSA,F & H-AREA HAZARDOUS WASTE MANAGEMENT FACILITIES  (GROUNDWATER),FEX-001,EXTRACTION WELL,Extraction Well,,ABANDONED,33.2710381526,-81.6781916845,436838.58745539,3681347.93703455,195.96,171.01,224.46,C,225.95,58.0,6.0,PVC,SINGLE SPEED PUMP,1996-01-10,2008-05-02
SRS,GSA,F & H-AREA HAZARDOUS WASTE MANAGEMENT FACILITIES  (GROUNDWATER),FEX-002,EXTRACTION WELL,Extraction Well,,ABANDONED,33.2704093612,-81.6782376195,436833.85663626,3681278.25406066,194.67,174.77,218.67,C,219.67,51.0,6.0,PVC,SINGLE SPEED PUMP,1996-02-06,2008-05-02
SRS,GSA,F & H-AREA HAZARDOUS WASTE MANAGEMENT FACILITIES  (GROUNDWATER),FEX-003,EXTRACTION WELL,Extraction Well,,ABANDONED,33.2705744078,-81.6790040086,436762.59831926,3681297.01570769,200.82,180.87,230.82,C,233.32,57.0,6.0,PVC,SINGLE SPEED PUMP,1996-01-15,2008-05-02
SRS,GSA,F & H-AREA HAZARDOUS WASTE MANAGEMENT FACILITIES  (GROUNDWATER),FEX-004,EXTRACTION WELL,Plume Assessment Well,UAZ_UTRAU,ACTIVE,33.2703695257,-81.6797828461,436689.91395656,3681274.77339037,196.9,176.94,229.4,C,231.87,57.0,6.0,PVC,SINGLE SPEED PUMP,1996-01-15,
SRS,GSA,F & H-AREA HAZARDOUS WASTE MANAGEMENT FACILITIES  (GROUNDWATER),FEX-005,EXTRACTION WELL,Extraction Well,,ABANDONED,33.2699761767,-81.6803167165,436639.90810067,3681231.48864956,201.46,181.56,224.46,C,225.46,51.0,6.0,PVC,SINGLE SPEED PUMP,1996-01-17,2008-05-02
SRS,GSA,F & H-AREA HAZARDOUS WASTE MANAGEMENT FACILITIES  (GROUNDWATER),FEX-006,EXTRACTION WELL,Extraction Well,,ABANDONED,33.2698479443,-81.6811040908,436566.48328465,3681217.75016172,200.91,180.91,221.91,C,222.91,48.0,6.0,PVC,SINGLE SPEED PUMP,1996-01-31,2008-05-02
SRS,GSA,F & H-AREA HAZARDOUS WASTE MANAGEMENT FACILITIES  (GROUNDWATER),FEX-007,EXTRACTION WELL,Extraction Well,UAZ_UTRAU,ACTIVE,33.2698115739,-81.6820169328,436481.43930022,3681214.27279252,204.77,199.77,225.77,C,226.77,54.0,6.0,PVC,SINGLE SPEED PUMP,1996-01-18,
SRS,GSA,F & H-AREA HAZARDOUS WASTE MANAGEMENT FACILITIES  (GROUNDWATER),FEX-008,EXTRACTION WELL,Extraction Well,,ABANDONED,33.2721434546,-81.6813162451,436548.38452534,3681472.37013124,159.46,139.56,266.46,C,267.46,164.0,6.0,PVC,SINGLE SPEED PUMP,1996-01-30,2008-05-02
SRS,GSA,F & H-AREA HAZARDOUS WASTE MANAGEMENT FACILITIES  (GROUNDWATER),FEX-009,EXTRACTION WELL,Extraction Well,,ABANDONED,33.2722179589,-81.6801191706,436659.92508404,3681479.90333579,141.52,111.42,253.52,C,254.52,147.0,6.0,PVC,SINGLE SPEED PUMP,1996-01-25,2008-08-13
SRS,GSA,F & H-AREA HAZARDOUS WASTE MANAGEMENT FACILITIES  (GROUNDWATER),FEX-010,EXTRACTION WELL,Extraction Well,,ABANDONED,33.2727080002,-81.6800300244,436668.58127093,3681534.17756031,204.95,170.12,264.95,C,265.95,102.0,6.0,PVC,SINGLE SPEED PUMP,1996-08-07,2008-04-15
SRS,GSA,F & H-AREA HAZARDOUS WASTE MANAGEMENT FACILITIES  (GROUNDWATER),FEX-011,EXTRACTION WELL,Extraction Well,,ABANDONED,33.2726537461,-81.6806660083,436609.31155843,3681528.54857077,202.03,172.12,275.03,C,276.03,111.3,6.0,PVC,SINGLE SPEED PUMP,1996-08-02,2008-08-13
SRS,GSA,F & H-AREA HAZARDOUS WASTE MANAGEMENT FACILITIES  (GROUNDWATER),FEX-001R,EXTRACTION WELL,Extraction Well,,ABANDONED,33.27105809,-81.67814461,436842.986,3681350.119,178.95,169.45,224.05,S,227.62,67.0,6.0,PVC,,2002-07-10,2008-05-02
SRS,GSA,F & H-AREA HAZARDOUS WASTE MANAGEMENT FACILITIES  (GROUNDWATER),FEX-002R,EXTRACTION WELL,Extraction Well,,ABANDONED,33.27040048,-81.67819015,436838.271,3681277.241,182.91,172.91,218.31,S,221.99,57.0,6.0,PVC,,2002-07-16,2008-05-02
SRS,GSA,F & H-AREA HAZARDOUS WASTE MANAGEMENT FACILITIES  (GROUNDWATER),FEX-003R,EXTRACTION WELL,Extraction Well,,ABANDONED,33.27054292,-81.67894006,436768.532,3681293.486,193.31,183.51,229.01,S,232.39,87.0,6.0,PVC,,2002-07-18,2008-05-02
SRS,GSA,F & H-AREA HAZARDOUS WASTE MANAGEMENT FACILITIES  (GROUNDWATER),FEX-004R,EXTRACTION WELL,Extraction Well,,ABANDONED,33.27036986,-81.6797318,436694.668,3681274.78,185.41,175.41,229.81,S,233.45,67.0,6.0,PVC,,2002-07-25,2008-05-02
SRS,GSA,F & H-AREA HAZARDOUS WASTE MANAGEMENT FACILITIES  (GROUNDWATER),FIB-001,PIEZOMETER WELL,Auxiliary Observation,UAZ_UTRAU,ACTIVE,33.27096946,-81.67845571,436813.949,3681340.481,186.5,176.5,226.5,S,229.24,60.0,2.0,SS,,2002-10-17,
SRS,GSA,F & H-AREA HAZARDOUS WASTE MANAGEMENT FACILITIES  (GROUNDWATER),FIB-002,INJECTION WELL,Injection Well,,ABANDONED,33.2710401,-81.67847328,436812.363,3681348.323,186.0,176.0,226.0,S,229.38,57.0,2.0,SS,,2002-10-17,2003-08-28
SRS,GSA,F & H-AREA HAZARDOUS WASTE MANAGEMENT FACILITIES  (GROUNDWATER),FIB-003,INJECTION WELL,Injection Well,,ABANDONED,33.27111156,-81.67846749,436812.953,3681356.242,182.0,172.0,227.0,S,229.73,60.5,2.0,SS,,2002-10-18,2003-08-28
SRS,GSA,F & H-AREA HAZARDOUS WASTE MANAGEMENT FACILITIES  (GROUNDWATER),FIB-004,INJECTION WELL,Injection Well,,ABANDONED,33.27117929,-81.67844099,436815.47,3681363.735,182.1,172.1,227.1,S,229.82,63.0,2.0,SS,,2002-10-17,2003-08-25
SRS,GSA,F & H-AREA HAZARDOUS WASTE MANAGEMENT FACILITIES  (GROUNDWATER),FIB-005,INJECTION WELL,Injection Well,,ABANDONED,33.27123139,-81.67838405,436820.811,3681369.477,181.6,171.6,226.6,S,229.33,61.0,2.0,SS,,2002-10-22,2003-08-25
SRS,GSA,F & H-AREA HAZARDOUS WASTE MANAGEMENT FACILITIES  (GROUNDWATER),FIB-006,INJECTION WELL,Injection Well,,ABANDONED,33.27128668,-81.67832991,436825.893,3681375.573,181.1,171.1,226.1,S,228.56,62.0,2.0,SS,,2002-10-18,2003-08-25
SRS,GSA,F & H-AREA HAZARDOUS WASTE MANAGEMENT FACILITIES  (GROUNDWATER),FIB-007,INJECTION WELL,Injection Well,,ABANDONED,33.27131862,-81.67825144,436833.224,3681379.067,180.0,170.0,225.0,S,227.93,61.0,2.0,SS,,2002-10-22,2003-08-25
SRS,GSA,F & H-AREA HAZARDOUS WASTE MANAGEMENT FACILITIES  (GROUNDWATER),FIB-008,PIEZOMETER WELL,Auxiliary Observation,UAZ_UTRAU,ACTIVE,33.27133411,-81.67817112,436840.716,3681380.736,179.5,169.5,224.5,S,227.16,61.0,2.0,SS,,2002-10-22,
SRS,GSA,F & H-AREA HAZARDOUS WASTE MANAGEMENT FACILITIES  (GROUNDWATER),FIB-009,INJECTION WELL,Injection Well,UAZ_UTRAU,ACTIVE,33.26888369,-81.68214618,436468.73,3681111.481,194.03,184.03,221.58,,,39.95,2.0,SS,NONE,2004-02-20,
SRS,GSA,F & H-AREA HAZARDOUS WASTE MANAGEMENT FACILITIES  (GROUNDWATER),FIB-010,INJECTION WELL,Injection Well,UAZ_UTRAU,ACTIVE,33.268954,-81.6820005,436482.340181,3681119.264877,196.9,186.9,221.9,G,,37.5,2.0,SS,NONE,2004-11-30,
SRS,GSA,F & H-AREA HAZARDOUS WASTE MANAGEMENT FACILITIES  (GROUNDWATER),FIB-011,INJECTION WELL,Injection Well,UAZ_UTRAU,ACTIVE,33.269019,-81.6818605,436495.434879,3681126.309601,197.0,187.0,222.0,G,,37.5,2.0,SS,NONE,2004-11-30,
SRS,GSA,F & H-AREA HAZARDOUS WASTE MANAGEMENT FACILITIES  (GROUNDWATER),FIB-012,INJECTION WELL,Injection Well,UAZ_UTRAU,ACTIVE,33.2690844,-81.68171502,436509.031122,3681133.4782107,193.7,183.7,221.2,C,222.45,40.0,2.0,SS,NONE,2004-12-01,
SRS,GSA,F & H-AREA HAZARDOUS WASTE MANAGEMENT FACILITIES  (GROUNDWATER),FIB-013,INJECTION WELL,Injection Well,UAZ_UTRAU,ACTIVE,33.26914902,-81.6815725,436522.3480446,3681140.54902,197.7,182.7,219.7,G,,39.5,2.0,SS,NONE,2004-12-01,
SRS,GSA,F & H-AREA HAZARDOUS WASTE MANAGEMENT FACILITIES  (GROUNDWATER),FIB-014,INJECTION WELL,Injection Well,UAZ_UTRAU,ACTIVE,33.2692165,-81.6813792,436540.3976497,3681147.9216621,193.3,178.3,215.8,C,217.16,40.0,2.0,SS,NONE,2004-12-02,
SRS,GSA,F & H-AREA HAZARDOUS WASTE MANAGEMENT FACILITIES  (GROUNDWATER),FIB-015,INJECTION WELL,Injection Well,UAZ_UTRAU,ACTIVE,33.2693223,-81.6813194,436546.044953,3681159.61572,193.3,178.3,215.8,C,217.08,40.0,2.0,SS,NONE,2004-12-02,
SRS,GSA,F & H-AREA HAZARDOUS WASTE MANAGEMENT FACILITIES  (GROUNDWATER),FIB-016,INJECTION WELL,Injection Well,UAZ_UTRAU,ACTIVE,33.2693834,-81.681166,436560.3350004,3681166.286844,193.7,178.7,216.2,G,,40.0,2.0,SS,NONE,2004-12-02,
SRS,GSA,F & H-AREA HAZARDOUS WASTE MANAGEMENT FACILITIES  (GROUNDWATER),FIB-017,INJECTION WELL,Injection Well,UAZ_UTRAU,ACTIVE,33.269386,-81.681054,436570.765203,3681166.507398,200.3,185.3,215.8,G,,33.0,2.0,SS,NONE,2004-12-02,
SRS,GSA,F & H-AREA HAZARDOUS WASTE MANAGEMENT FACILITIES  (GROUNDWATER),FIB-018,INJECTION WELL,Injection Well,UAZ_UTRAU,ACTIVE,33.269512,-81.680873,436587.72607,3681180.403031,199.3,189.3,216.8,C,218.12,30.0,2.0,SS,NONE,2004-12-03,
SRS,GSA,F & H-AREA HAZARDOUS WASTE MANAGEMENT FACILITIES  (GROUNDWATER),FIB-019,INJECTION WELL,Injection Well,UAZ_UTRAU,ACTIVE,33.26957158,-81.68073231,436600.909058,3681186.8863795,199.7,189.7,217.2,G,,30.0,2.0,SS,NONE,2004-12-03,
SRS,GSA,F & H-AREA HAZARDOUS WASTE MANAGEMENT FACILITIES  (GROUNDWATER),FIB-020,INJECTION WELL,Injection Well,UAZ_UTRAU,ACTIVE,33.269605,-81.6805422,436618.63211,3681190.508647,199.25,189.25,217.75,C,219.04,31.0,2.0,SS,NONE,2004-12-03,
SRS,GSA,F & H-AREA HAZARDOUS WASTE MANAGEMENT FACILITIES  (GROUNDWATER),FIB-021,INJECTION WELL,Injection Well,UAZ_UTRAU,ACTIVE,33.2696803,-81.68042356,436629.742958,3681198.7512711,194.85,184.85,219.35,C,220.89,37.0,2.0,SS,NONE,2004-12-08,
SRS,GSA,F & H-AREA HAZARDOUS WASTE MANAGEMENT FACILITIES  (GROUNDWATER),FIB-022,INJECTION WELL,Injection Well,UAZ_UTRAU,ACTIVE,33.27025755,-81.679629,436704.15523,3681262.26637,193.6,178.6,228.1,G,,52.0,2.0,SS,NONE,2004-12-08,
SRS,GSA,F & H-AREA HAZARDOUS WASTE MANAGEMENT FACILITIES  (GROUNDWATER),FIB-023,INJECTION WELL,Injection Well,UAZ_UTRAU,ACTIVE,33.27031974,-81.67953056,436713.373669,3681269.101269,194.1,179.1,228.6,G,,52.0,2.0,SS,NONE,2004-12-10,
SRS,GSA,F & H-AREA HAZARDOUS WASTE MANAGEMENT FACILITIES  (GROUNDWATER),FIB-024,INJECTION WELL,Injection Well,UAZ_UTRAU,ACTIVE,33.2703565,-81.679305,436734.40838009,3681273.0462495,198.1,183.1,228.1,C,229.41,47.5,2.0,SS,NONE,2004-12-09,
SRS,GSA,F & H-AREA HAZARDOUS WASTE MANAGEMENT FACILITIES  (GROUNDWATER),FIB-025,INJECTION WELL,Injection Well,UAZ_UTRAU,ACTIVE,33.2704102,-81.6792024,436744.000905,3681278.932324,200.7,185.7,229.2,G,,46.0,2.0,SS,NONE,2004-12-09,
SRS,GSA,F & H-AREA HAZARDOUS WASTE MANAGEMENT FACILITIES  (GROUNDWATER),FIB-026,INJECTION WELL,Injection Well,UAZ_UTRAU,ACTIVE,33.27052329,-81.6790787,436755.6016357,3681291.394726,198.95,183.95,230.45,C,231.77,49.0,2.0,SS,NONE,2004-12-09,
SRS,GSA,F & H-AREA HAZARDOUS WASTE MANAGEMENT FACILITIES  (GROUNDWATER),FIB-027,INJECTION WELL,Injection Well,,ABANDONED,33.27174514,-81.67695727,436954.061,3681425.571,192.06,172.06,216.9,C,217.69,45.34,2.0,SS,,2008-04-23,2009-06-26
SRS,GSA,F & H-AREA HAZARDOUS WASTE MANAGEMENT FACILITIES  (GROUNDWATER),FIB-027R,INJECTION WELL,Injection Well,UAZ_UTRAU,ACTIVE,33.2717414,-81.67696651,436953.198,3681425.162,197.79,177.79,216.79,G,,39.3,2.0,SS,,2009-06-25,
SRS,GSA,F & H-AREA HAZARDOUS WASTE MANAGEMENT FACILITIES  (GROUNDWATER),FIB-028,INJECTION WELL,Injection Well,,ABANDONED,33.27182718,-81.67681408,436967.456,3681434.58,190.41,170.41,215.41,C,216.23,45.5,2.0,SS,,2008-04-22,2009-06-26
SRS,GSA,F & H-AREA HAZARDOUS WASTE MANAGEMENT FACILITIES  (GROUNDWATER),FIB-028R,INJECTION WELL,Injection Well,UAZ_UTRAU,ACTIVE,33.27181698,-81.67682899,436966.06,3681433.458,196.58,176.58,215.58,G,,39.3,2.0,SS,,2009-06-24,
SRS,GSA,F & H-AREA HAZARDOUS WASTE MANAGEMENT FACILITIES  (GROUNDWATER),FIB-029,INJECTION WELL,Injection Well,,ABANDONED,33.27187314,-81.67666615,436981.266,3681439.586,188.43,168.43,213.35,C,214.21,45.42,2.0,SS,,2008-04-23,2009-06-25
SRS,GSA,F & H-AREA HAZARDOUS WASTE MANAGEMENT FACILITIES  (GROUNDWATER),FIB-029R,INJECTION WELL,Injection Well,UAZ_UTRAU,ACTIVE,33.27186731,-81.6766814,436979.841,3681438.949,193.45,173.45,213.65,G,,40.5,2.0,SS,,2009-06-24,
SRS,GSA,F & H-AREA HAZARDOUS WASTE MANAGEMENT FACILITIES  (GROUNDWATER),FIB-030,INJECTION WELL,Injection Well,UAZ_UTRAU,ACTIVE,33.27279563,-81.67672222,436976.707,3681541.892,197.45,,222.29,G,222.29,47.0,2.0,SS,NONE,2011-08-15,
SRS,GSA,F & H-AREA HAZARDOUS WASTE MANAGEMENT FACILITIES  (GROUNDWATER),FIB-031,INJECTION WELL,Injection Well,UAZ_UTRAU,ACTIVE,33.27290416,-81.67667878,436980.83,3681553.898,197.5,,223.24,G,223.24,47.0,2.0,SS,NONE,2011-08-11,
SRS,GSA,F & H-AREA HAZARDOUS WASTE MANAGEMENT FACILITIES  (GROUNDWATER),FIB-032,INJECTION WELL,Injection Well,UAZ_UTRAU,ACTIVE,33.27300355,-81.67662198,436986.191,3681564.882,198.33,,223.09,G,223.09,47.0,2.0,SS,NONE,2011-08-15,
SRS,GSA,F & H-AREA HAZARDOUS WASTE MANAGEMENT FACILITIES  (GROUNDWATER),FIB-033,INJECTION WELL,Injection Well,UAZ_UTRAU,ACTIVE,33.27310259,-81.67657236,436990.884,3681575.832,198.21,,222.98,G,222.98,47.0,2.0,SS,NONE,2011-08-15,
SRS,GSA,F & H-AREA HAZARDOUS WASTE MANAGEMENT FACILITIES  (GROUNDWATER),FIB-034,INJECTION WELL,Injection Well,UAZ_UTRAU,ACTIVE,33.27320465,-81.67651848,436995.976,3681587.114,200.27,,223.26,G,223.26,47.0,2.0,SS,NONE,2011-08-15,
SRS,GSA,F & H-AREA HAZARDOUS WASTE MANAGEMENT FACILITIES  (GROUNDWATER),FIN-001,INJECTION WELL,Injection Well,,ABANDONED,33.2751628176,-81.682195884,436468.64814855,3681807.64592341,215.03,190.08,285.03,C,287.54,108.0,6.0,PVC,,1995-12-14,2008-08-13
SRS,GSA,F & H-AREA HAZARDOUS WASTE MANAGEMENT FACILITIES  (GROUNDWATER),FIN-002,INJECTION WELL,Injection Well,,ABANDONED,33.2755986486,-81.6815005023,436533.72403184,3681855.54137692,212.0,187.06,287.0,C,289.5,107.0,6.0,PVC,,1995-12-28,1996-03-20
SRS,GSA,F & H-AREA HAZARDOUS WASTE MANAGEMENT FACILITIES  (GROUNDWATER),FIN-002R,INJECTION WELL,Injection Well,,ABANDONED,33.2756107259,-81.6815386009,436530.18468903,3681856.90347962,212.0,187.1,287.0,C,288.0,107.0,6.0,PVC,,1996-03-21,1996-07-09
SRS,GSA,F & H-AREA HAZARDOUS WASTE MANAGEMENT FACILITIES  (GROUNDWATER),FIN-002RR,INJECTION WELL,Injection Well,,ABANDONED,33.2756415031,-81.681454791,436538.01209241,3681860.2646433,212.05,187.75,287.05,C,289.55,107.0,6.0,PVC,,1996-07-10,2008-08-13
SRS,GSA,F & H-AREA HAZARDOUS WASTE MANAGEMENT FACILITIES  (GROUNDWATER),FIN-003,INJECTION WELL,Injection Well,,ABANDONED,33.2758032262,-81.6806462005,436613.43216103,3681877.70291546,235.44,195.54,288.44,C,289.44,103.0,6.0,PVC,,1995-12-19,2008-08-13
SRS,GSA,F & H-AREA HAZARDOUS WASTE MANAGEMENT FACILITIES  (GROUNDWATER),FIN-004,INJECTION WELL,Injection Well,,ABANDONED,33.2758851917,-81.6800660522,436667.51985274,3681886.43797985,218.9,194.0,288.9,C,289.9,102.0,6.0,PVC,,1995-12-14,2008-08-13
SRS,GSA,F & H-AREA HAZARDOUS WASTE MANAGEMENT FACILITIES  (GROUNDWATER),FIN-005,INJECTION WELL,Injection Well,,ABANDONED,33.2764025768,-81.6795277019,436718.02899387,3681943.47138194,228.87,193.97,288.87,C,291.39,106.0,6.0,PVC,,1995-12-19,1996-07-10
SRS,GSA,F & H-AREA HAZARDOUS WASTE MANAGEMENT FACILITIES  (GROUNDWATER),FIN-005R,INJECTION WELL,Injection Well,UAZ_UTRAU,ACTIVE,33.2764368039,-81.6795550864,436715.5034231,3681947.28255121,229.36,195.09,289.36,C,291.86,102.0,6.0,PVC,,1996-07-11,
SRS,GSA,F & H-AREA HAZARDOUS WASTE MANAGEMENT FACILITIES  (GROUNDWATER),FIN-006,INJECTION WELL,Injection Well,,ABANDONED,33.2777659302,-81.677622541,436896.43398029,3682093.46627134,230.52,200.64,273.52,C,275.48,82.0,6.0,PVC,,1995-12-22,2008-08-13
SRS,GSA,F & H-AREA HAZARDOUS WASTE MANAGEMENT FACILITIES  (GROUNDWATER),FIN-007,INJECTION WELL,Injection Well,,ABANDONED,33.2776091878,-81.6770647571,436948.26586707,3682075.75209229,227.04,197.14,262.04,C,264.54,75.0,6.0,PVC,,1996-01-09,2008-08-13
SRS,GSA,F & H-AREA HAZARDOUS WASTE MANAGEMENT FACILITIES  (GROUNDWATER),FIN-008,INJECTION WELL,Injection Well,,ABANDONED,33.2760445487,-81.6805292792,436624.49526307,3681904.3861073,171.72,131.72,291.72,C,292.72,172.0,6.0,PVC,,1995-12-12,2008-08-13
SRS,GSA,F & H-AREA HAZARDOUS WASTE MANAGEMENT FACILITIES  (GROUNDWATER),FIN-009,INJECTION WELL,Injection Well,,ABANDONED,33.2778354648,-81.6773806437,436919.01108771,3682101.02904593,170.81,125.91,268.81,C,271.31,150.0,6.0,PVC,,1996-01-12,2008-08-13
SRS,GSA,F & H-AREA HAZARDOUS WASTE MANAGEMENT FACILITIES  (GROUNDWATER),FIN-010,INJECTION WELL,Injection Well,,ABANDONED,33.2742030745,-81.682451322,436444.16397088,3681701.39964893,201.44,176.17,276.57,C,277.57,115.0,6.0,PVC,,1996-08-12,2008-08-13
SRS,GSA,F & H-AREA HAZARDOUS WASTE MANAGEMENT FACILITIES  (GROUNDWATER),FIT-001,INJECTION WELL,Injection Well,UAZ_UTRAU,ACTIVE,33.26885206,-81.68228474,436455.802,3681108.06,193.56,183.56,221.08,C,223.38,39.97,2.0,SS,NONE,2004-02-19,
SRS,GSA,F & H-AREA HAZARDOUS WASTE MANAGEMENT FACILITIES  (GROUNDWATER),FIT-002,INJECTION WELL,Injection Well,UAZ_UTRAU,ACTIVE,33.2688501,-81.68244558,436440.821,3681107.94,186.06,176.06,221.08,C,223.54,47.5,2.0,SS,NONE,2004-02-19,
SRS,GSA,F & H-AREA HAZARDOUS WASTE MANAGEMENT FACILITIES  (GROUNDWATER),FIT-003,INJECTION WELL,Injection Well,UAZ_UTRAU,ACTIVE,33.26884822,-81.68261116,436425.398,3681107.832,184.97,174.97,222.47,C,224.91,50.04,2.0,SS,NONE,2004-02-19,
SRS,GSA,F & H-AREA HAZARDOUS WASTE MANAGEMENT FACILITIES  (GROUNDWATER),FIT-004,INJECTION WELL,Injection Well,UAZ_UTRAU,ACTIVE,33.26884476,-81.68277503,436410.133,3681107.548,185.6,175.6,223.13,C,225.7,50.08,2.0,SS,NONE,2004-02-19,
SRS,GSA,F & H-AREA HAZARDOUS WASTE MANAGEMENT FACILITIES  (GROUNDWATER),FIT-005,INJECTION WELL,Injection Well,UAZ_UTRAU,ACTIVE,33.26884049,-81.68293827,436394.926,3681107.175,183.73,173.75,223.95,C,226.11,52.53,2.0,SS,NONE,2004-02-18,
SRS,GSA,F & H-AREA HAZARDOUS WASTE MANAGEMENT FACILITIES  (GROUNDWATER),FIT-006,INJECTION WELL,Injection Well,UAZ_UTRAU,ACTIVE,33.26883825,-81.68310546,436379.354,3681107.029,185.47,175.47,225.54,C,227.85,52.54,2.0,SS,NONE,2004-02-18,
SRS,GSA,F & H-AREA HAZARDOUS WASTE MANAGEMENT FACILITIES  (GROUNDWATER),FIT-007,INJECTION WELL,Injection Well,UAZ_UTRAU,ACTIVE,33.26883584,-81.68327436,436363.621,3681106.864,186.83,176.83,226.83,C,229.29,52.52,2.0,SS,NONE,2004-02-18,
SRS,GSA,F & H-AREA HAZARDOUS WASTE MANAGEMENT FACILITIES  (GROUNDWATER),FIT-008,INJECTION WELL,Injection Well,UAZ_UTRAU,ACTIVE,33.26883215,-81.68343453,436348.701,3681106.552,187.09,177.09,227.09,C,229.56,52.4,2.0,SS,NONE,2004-02-17,
SRS,GSA,F & H-AREA HAZARDOUS WASTE MANAGEMENT FACILITIES  (GROUNDWATER),FIT-009,INJECTION WELL,Injection Well,UAZ_UTRAU,ACTIVE,33.26975254,-81.68041886,436630.234,3681206.758,190.69,180.71,220.73,C,223.1,42.42,2.0,SS,NONE,2004-02-13,
SRS,GSA,F & H-AREA HAZARDOUS WASTE MANAGEMENT FACILITIES  (GROUNDWATER),FIT-010,INJECTION WELL,Injection Well,UAZ_UTRAU,ACTIVE,33.26984232,-81.68028413,436642.847,3681216.629,184.76,174.75,222.14,C,224.49,49.94,2.0,SS,NONE,2004-02-05,
SRS,GSA,F & H-AREA HAZARDOUS WASTE MANAGEMENT FACILITIES  (GROUNDWATER),FIT-011,INJECTION WELL,Injection Well,UAZ_UTRAU,ACTIVE,33.26995422,-81.68015399,436655.048,3681228.955,183.77,173.77,223.77,C,226.29,52.47,2.0,SS,NONE,2004-02-13,
SRS,GSA,F & H-AREA HAZARDOUS WASTE MANAGEMENT FACILITIES  (GROUNDWATER),FIT-012,INJECTION WELL,Injection Well,UAZ_UTRAU,ACTIVE,33.27006465,-81.68002424,436667.212,3681241.119,180.38,170.38,225.38,C,228.1,57.45,2.0,SS,NONE,2004-02-13,
SRS,GSA,F & H-AREA HAZARDOUS WASTE MANAGEMENT FACILITIES  (GROUNDWATER),FIT-013,INJECTION WELL,Injection Well,UAZ_UTRAU,ACTIVE,33.27017522,-81.67991441,436677.52,3681253.312,179.3,169.3,226.8,C,229.27,60.01,2.0,SS,NONE,2004-02-05,
SRS,GSA,F & H-AREA HAZARDOUS WASTE MANAGEMENT FACILITIES  (GROUNDWATER),FIT-014,INJECTION WELL,Injection Well,UAZ_UTRAU,ACTIVE,33.27064023,-81.67904001,436759.293,3681304.335,199.41,184.42,231.77,C,232.68,50.05,2.0,SS,NONE,2004-02-05,
SRS,GSA,F & H-AREA HAZARDOUS WASTE MANAGEMENT FACILITIES  (GROUNDWATER),FIT-015,INJECTION WELL,Injection Well,UAZ_UTRAU,ACTIVE,33.2707543,-81.67890609,436771.847,3681316.9,195.61,180.64,230.44,C,233.09,52.42,2.0,SS,NONE,2004-02-03,
SRS,GSA,F & H-AREA HAZARDOUS WASTE MANAGEMENT FACILITIES  (GROUNDWATER),FIT-016,INJECTION WELL,Injection Well,UAZ_UTRAU,ACTIVE,33.27081672,-81.67874412,436786.977,3681323.723,192.05,177.07,229.1,C,231.97,54.98,2.0,SS,NONE,2004-01-30,
SRS,GSA,F & H-AREA HAZARDOUS WASTE MANAGEMENT FACILITIES  (GROUNDWATER),FIT-017,INJECTION WELL,Injection Well,UAZ_UTRAU,ACTIVE,33.27087166,-81.67854553,436805.513,3681329.693,187.59,172.6,227.33,C,229.99,57.43,2.0,SS,NONE,2004-01-30,
SRS,GSA,F & H-AREA HAZARDOUS WASTE MANAGEMENT FACILITIES  (GROUNDWATER),FIT-018,INJECTION WELL,Injection Well,UAZ_UTRAU,ACTIVE,33.27130878,-81.67794447,436861.806,3681377.791,182.52,167.51,222.38,C,225.14,57.52,2.0,SS,NONE,2004-01-30,
SRS,GSA,F & H-AREA HAZARDOUS WASTE MANAGEMENT FACILITIES  (GROUNDWATER),FIT-019,INJECTION WELL,Injection Well,UAZ_UTRAU,ACTIVE,33.27139776,-81.67781978,436873.483,3681387.58,188.28,173.26,223.19,C,225.75,52.53,2.0,SS,NONE,2004-01-30,
SRS,GSA,F & H-AREA HAZARDOUS WASTE MANAGEMENT FACILITIES  (GROUNDWATER),FIT-020,INJECTION WELL,Injection Well,UAZ_UTRAU,ACTIVE,33.27148705,-81.67769398,436885.264,3681397.403,188.89,173.9,223.43,C,225.99,52.42,2.0,SS,NONE,2004-01-22,
SRS,GSA,F & H-AREA HAZARDOUS WASTE MANAGEMENT FACILITIES  (GROUNDWATER),FIT-021,INJECTION WELL,Injection Well,UAZ_UTRAU,ACTIVE,33.2715701,-81.67757781,436896.143,3681406.54,190.78,175.76,222.8,C,225.5,49.94,2.0,SS,NONE,2004-01-22,
SRS,GSA,F & H-AREA HAZARDOUS WASTE MANAGEMENT FACILITIES  (GROUNDWATER),FIT-022,INJECTION WELL,Injection Well,UAZ_UTRAU,ACTIVE,33.27171885,-81.67748277,436905.101,3681422.974,189.52,174.5,224.03,C,226.62,52.51,2.0,SS,NONE,2004-01-22,
SRS,GSA,F & H-AREA HAZARDOUS WASTE MANAGEMENT FACILITIES  (GROUNDWATER),FIT-023,INJECTION WELL,Injection Well,,ABANDONED,33.27175942,-81.67732243,436920.063,3681427.375,187.54,172.54,222.14,,,52.5,2.0,SS,NONE,2004-01-21,2004-03-30
SRS,FMB,FOURMILE BRANCH INTEGRATOR OPERABLE UNIT (INCLUDING THE UN-NAMED TRIBUTARY OF F,FM-2BD,SURFACE WATER,FMB Seepline Surface Water Location,,ACTIVE ECO-SENSITIVE,33.27100088,-81.67353774,437272.0,3681341.0,,,,,,,,,,,
SRS,FMB,FOURMILE BRANCH INTEGRATOR OPERABLE UNIT (INCLUDING THE UN-NAMED TRIBUTARY OF F,FM-A7U,SURFACE WATER,FMB Seepline Surface Water Location,,ACTIVE ECO-SENSITIVE,33.26234403,-81.6863021,436076.9,3680389.0,,,,,,,,,,,
SRS,GSA,F & H-AREA HAZARDOUS WASTE MANAGEMENT FACILITIES  (GROUNDWATER),FMC-002F,SURFACE WATER,FMB Seepline Surface Water Location,,ACTIVE ECO-SENSITIVE,33.2665425,-81.67906676,436753.848,3680850.058,,,,,,,,,,,
SRS,GSA,F & H-AREA HAZARDOUS WASTE MANAGEMENT FACILITIES  (GROUNDWATER),FMC-002H,SURFACE WATER,FMB Seepline Surface Water Location,,ACTIVE ECO-SENSITIVE,33.2728153366,-81.6682581077,437765.0,3681539.0,,,,,,,,,,,
SRS,GSA,F & H-AREA HAZARDOUS WASTE MANAGEMENT FACILITIES  (GROUNDWATER),FOB-001D,MONITORING WELL,Auxiliary Observation,UAZ_UTRAU,ACTIVE,33.2706489004,-81.6784465701,436814.56863537,3681304.93689972,195.36,175.36,223.36,C,225.86,53.1,2.0,PVC,,1996-09-20,
SRS,GSA,F & H-AREA HAZARDOUS WASTE MANAGEMENT FACILITIES  (GROUNDWATER),FOB-002C,MONITORING WELL,Auxiliary Observation,LAZ_UTRAU,ACTIVE,33.2702203,-81.68003614,436666.216,3681258.383,156.56,146.56,226.58,S,229.57,82.52,2.0,PVC,VARIABLE SPEED PUMP,2003-12-31,
SRS,GSA,F & H-AREA HAZARDOUS WASTE MANAGEMENT FACILITIES  (GROUNDWATER),FOB-002D,MONITORING WELL,Auxiliary Observation,UAZ_UTRAU,ACTIVE,33.270190593,-81.6800732955,436662.73390484,3681255.11218153,195.5,175.5,226.5,C,229.0,56.0,2.0,PVC,,1996-10-10,
SRS,GSA,F & H-AREA HAZARDOUS WASTE MANAGEMENT FACILITIES  (GROUNDWATER),FOB-003D,MONITORING WELL,Auxiliary Observation,UAZ_UTRAU,ACTIVE,33.2698287799,-81.6815661974,436523.43106589,3681215.90628623,203.36,183.36,224.86,C,227.36,45.5,2.0,PVC,,1996-09-17,
SRS,GSA,F & H-AREA HAZARDOUS WASTE MANAGEMENT FACILITIES  (GROUNDWATER),FOB-004D,MONITORING WELL,Auxiliary Observation,UAZ_UTRAU,ACTIVE,33.2708913049,-81.6814585895,436534.22177574,3681333.63740488,194.08,174.04,250.08,C,252.58,81.5,2.0,PVC,,1996-09-23,
SRS,GSA,F & H-AREA HAZARDOUS WASTE MANAGEMENT FACILITIES  (GROUNDWATER),FOB-005C,MONITORING WELL,Auxiliary Observation,LAZ_UTRAU,ACTIVE,33.2719217502,-81.6807698013,436599.11608022,3681447.45904669,149.34,129.32,256.34,C,258.84,132.0,2.0,PVC,,1996-10-11,
SRS,GSA,F & H-AREA HAZARDOUS WASTE MANAGEMENT FACILITIES  (GROUNDWATER),FOB-007A,MONITORING WELL,Auxiliary Observation,GAU,ACTIVE,33.2759540806,-81.6822880348,436460.63937105,3681895.42520728,105.43,85.4,295.43,C,297.93,215.0,2.0,PVC,,1996-10-07,
SRS,GSA,F & H-AREA HAZARDOUS WASTE MANAGEMENT FACILITIES  (GROUNDWATER),FOB-007C,MONITORING WELL,Auxiliary Observation,LAZ_UTRAU,ACTIVE,33.2759914103,-81.6822896413,436460.51680302,3681899.56473771,168.85,148.87,295.85,C,298.35,152.0,2.0,PVC,,1996-10-08,
SRS,GSA,F & H-AREA HAZARDOUS WASTE MANAGEMENT FACILITIES  (GROUNDWATER),FOB-007D,MONITORING WELL,Auxiliary Observation,UAZ_UTRAU,ACTIVE,33.276029864,-81.6822891041,436460.59468589,3681903.82757135,213.85,193.85,295.85,C,298.35,107.0,2.0,PVC,,1996-10-09,
SRS,GSA,F & H-AREA HAZARDOUS WASTE MANAGEMENT FACILITIES  (GROUNDWATER),FOB-008D,MONITORING WELL,Auxiliary Observation,UAZ_UTRAU,ACTIVE,33.2748412666,-81.6824807267,436441.88790604,3681772.17058278,211.37,191.4,286.37,C,288.87,100.0,2.0,PVC,,1996-10-08,
SRS,GSA,F & H-AREA HAZARDOUS WASTE MANAGEMENT FACILITIES  (GROUNDWATER),FOB-009C,MONITORING WELL,Auxiliary Observation,LAZ_UTRAU,ACTIVE,33.2762431584,-81.6802273482,436652.75709579,3681926.22172105,175.53,155.53,292.53,C,295.03,142.0,2.0,PVC,,1996-09-18,
SRS,GSA,F & H-AREA HAZARDOUS WASTE MANAGEMENT FACILITIES  (GROUNDWATER),FOB-009D,MONITORING WELL,Auxiliary Observation,UAZ_UTRAU,ACTIVE,33.2762224994,-81.6802693808,436648.82774552,3681923.95686866,212.63,192.63,292.63,C,295.13,105.0,2.0,PVC,,1996-09-11,
SRS,GSA,F & H-AREA HAZARDOUS WASTE MANAGEMENT FACILITIES  (GROUNDWATER),FOB-010D,MONITORING WELL,Auxiliary Observation,UAZ_UTRAU,ACTIVE,33.2764059995,-81.6793435364,436735.1824625,3681943.73923326,215.46,195.62,285.66,C,288.16,95.0,2.0,PVC,,1996-09-12,
SRS,GSA,F & H-AREA HAZARDOUS WASTE MANAGEMENT FACILITIES  (GROUNDWATER),FOB-011C,MONITORING WELL,Auxiliary Observation,LAZ_UTRAU,ACTIVE,33.277723111,-81.6769600962,436958.09449476,3682088.3189746,176.21,156.19,261.21,C,263.71,110.0,2.0,PVC,,1996-09-10,
SRS,GSA,F & H-AREA HAZARDOUS WASTE MANAGEMENT FACILITIES  (GROUNDWATER),FOB-011D,MONITORING WELL,Auxiliary Observation,UAZ_UTRAU,ACTIVE,33.2776798306,-81.6769681472,436957.31362226,3682083.52556294,218.96,198.96,260.96,C,263.46,67.0,2.0,PVC,,1996-09-09,
SRS,GSA,F & H-AREA HAZARDOUS WASTE MANAGEMENT FACILITIES  (GROUNDWATER),FOB-012D,MONITORING WELL,Auxiliary Observation,UAZ_UTRAU,ACTIVE,33.2742008664,-81.68254640399999,436435.3073315,3681701.2127283,199.34,179.32,276.34,C,278.84,102.0,2.0,PVC,,1996-10-08,
SRS,GSA,F & H-AREA HAZARDOUS WASTE MANAGEMENT FACILITIES  (GROUNDWATER),FOB-013D,MONITORING WELL,Auxiliary Observation,UAZ_UTRAU,ACTIVE,33.27168575,-81.67690287,436959.085,3681418.954,185.03,175.02,215.11,S,217.92,42.59,2.0,PVC,VARIABLE SPEED PUMP,2003-12-19,
SRS,GSA,F & H-AREA HAZARDOUS WASTE MANAGEMENT FACILITIES  (GROUNDWATER),FOB-014C,MONITORING WELL,Auxiliary Observation,LAZ_UTRAU,ACTIVE,33.26946969,-81.67988081,436680.141,3681175.073,146.38,136.37,215.51,S,218.36,81.64,2.0,PVC,VARIABLE SPEED PUMP,2003-12-30,
SRS,GSA,F & H-AREA HAZARDOUS WASTE MANAGEMENT FACILITIES  (GROUNDWATER),FOB-014D,MONITORING WELL,Auxiliary Observation,UAZ_UTRAU,ACTIVE,33.26943814,-81.67988537,436679.693,3681171.577,185.09,175.09,215.01,S,217.82,42.42,2.0,PVC,VARIABLE SPEED PUMP,2003-12-30,
SRS,GSA,F & H-AREA HAZARDOUS WASTE MANAGEMENT FACILITIES  (GROUNDWATER),FOB-015D,MONITORING WELL,Auxiliary Observation,UAZ_UTRAU,ACTIVE,33.26894429,-81.68218193,436465.444,3681118.222,193.12,183.12,222.14,S,225.06,41.52,2.0,PVC,VARIABLE SPEED PUMP,2003-12-30,
SRS,GSA,F & H-AREA HAZARDOUS WASTE MANAGEMENT FACILITIES  (GROUNDWATER),FOB-016D,MONITORING WELL,Auxiliary Observation,UAZ_UTRAU,ACTIVE,33.27222898,-81.68004261,436667.064,3681481.078,183.65,163.63,251.73,S,254.52,90.6,2.0,PVC,VARIABLE SPEED PUMP,2004-01-05,
SRS,GSA,F & H-AREA HAZARDOUS WASTE MANAGEMENT FACILITIES  (GROUNDWATER),FOB-017C1,MONITORING WELL,Auxiliary Observation,LAZ_UTRAU,ACTIVE,,,436685.2596,3681285.2434,148.95,,231.06,C,234.61,116.3,2.0,PVC,,,
SRS,GSA,F & H-AREA HAZARDOUS WASTE MANAGEMENT FACILITIES  (GROUNDWATER),FOB-017C2,MONITORING WELL,Auxiliary Observation,LAZ_UTRAU,ACTIVE,,,436685.2644,3681285.1697,126.08,,231.06,C,234.33,116.3,2.0,PVC,,,
SRS,GSA,F & H-AREA HAZARDOUS WASTE MANAGEMENT FACILITIES  (GROUNDWATER),FOB-017D1,MONITORING WELL,Auxiliary Observation,UAZ_UTRAU,ACTIVE,,,436685.1352,3681285.1671,202.18,,231.06,C,234.33,116.3,2.0,PVC,,,
SRS,GSA,F & H-AREA HAZARDOUS WASTE MANAGEMENT FACILITIES  (GROUNDWATER),FOB-017D2,MONITORING WELL,Auxiliary Observation,UAZ_UTRAU,ACTIVE,,,436685.192,3681285.2097,188.99,,231.06,C,234.52,116.3,2.0,PVC,,2019-10-02,
SRS,GSA,F & H-AREA HAZARDOUS WASTE MANAGEMENT FACILITIES  (GROUNDWATER),FOB-017D3,MONITORING WELL,Auxiliary Observation,UAZ_UTRAU,ACTIVE,,,436685.183,3681285.126,174.66,,231.06,C,234.52,116.3,2.0,PVC,,2019-10-02,
SRS,GSA,F & H-AREA HAZARDOUS WASTE MANAGEMENT FACILITIES  (GROUNDWATER),FOB-018C1,MONITORING WELL,Auxiliary Observation,LAZ_UTRAU,ACTIVE,,,436696.2885,3681231.3431,167.93,,221.75,C,225.07,88.3,2.0,PVC,,2019-09-19,
SRS,GSA,F & H-AREA HAZARDOUS WASTE MANAGEMENT FACILITIES  (GROUNDWATER),FOB-018C2,MONITORING WELL,Auxiliary Observation,LAZ_UTRAU,ACTIVE,,,436696.2231,3681231.3493,141.57,,221.75,C,224.9,88.3,2.0,PVC,,2019-09-18,
SRS,GSA,F & H-AREA HAZARDOUS WASTE MANAGEMENT FACILITIES  (GROUNDWATER),FOB-018D1,MONITORING WELL,Auxiliary Observation,UAZ_UTRAU,ACTIVE,,,436696.2844,3681231.3389,197.73,,221.75,C,225.12,86.0,2.0,PVC,,2019-09-18,
SRS,GSA,F & H-AREA HAZARDOUS WASTE MANAGEMENT FACILITIES  (GROUNDWATER),FOB-018D2,MONITORING WELL,Auxiliary Observation,UAZ_UTRAU,ACTIVE,,,436696.2411,3681231.3855,185.82,,221.75,C,225.09,88.3,2.0,PVC,,2019-09-18,
SRS,GSA,F & H-AREA HAZARDOUS WASTE MANAGEMENT FACILITIES  (GROUNDWATER),FOB-018D3,MONITORING WELL,Auxiliary Observation,UAZ_UTRAU,,,,,,,,,C,,,,,,,
SRS,GSA,F & H-AREA HAZARDOUS WASTE MANAGEMENT FACILITIES  (GROUNDWATER),FOB-019C1,MONITORING WELL,Auxiliary Observation,LAZ_UTRAU,ACTIVE,,,436682.2814,3681181.6118,149.39,,216.07,C,219.42,75.67,2.0,PVC,,2019-09-09,
SRS,GSA,F & H-AREA HAZARDOUS WASTE MANAGEMENT FACILITIES  (GROUNDWATER),FOB-019D1,MONITORING WELL,Auxiliary Observation,UAZ_UTRAU,ACTIVE,,,436682.3014,3681181.706,200.16,,216.07,C,219.27,75.67,2.0,PVC,,2019-09-10,
SRS,GSA,F & H-AREA HAZARDOUS WASTE MANAGEMENT FACILITIES  (GROUNDWATER),FOB-019D2,MONITORING WELL,Auxiliary Observation,UAZ_UTRAU,ACTIVE,,,436682.2612,3681181.5672,189.6,,216.07,C,219.33,75.67,2.0,PVC,,2019-09-10,
SRS,GSA,F & H-AREA HAZARDOUS WASTE MANAGEMENT FACILITIES  (GROUNDWATER),FOB-019D3,MONITORING WELL,Auxiliary Observation,UAZ_UTRAU,ACTIVE,,,436682.3649,3681181.5653,178.18,,216.07,C,219.35,75.67,2.0,PVC,,2019-09-10,
SRS,GSA,F & H-AREA HAZARDOUS WASTE MANAGEMENT FACILITIES  (GROUNDWATER),FOB-020C1,MONITORING WELL,Auxiliary Observation,LAZ_UTRAU,ACTIVE,,,436613.1986,3681402.9784,161.25,,250.43,C,253.38,116.5,2.0,PVC,,2019-09-25,
SRS,GSA,F & H-AREA HAZARDOUS WASTE MANAGEMENT FACILITIES  (GROUNDWATER),FOB-020D1,MONITORING WELL,Auxiliary Observation,UAZ_UTRAU,ACTIVE,,,436613.1587,3681402.8747,207.34,,250.43,C,253.36,116.5,2.0,PVC,,2019-09-25,
SRS,GSA,F & H-AREA HAZARDOUS WASTE MANAGEMENT FACILITIES  (GROUNDWATER),FOB-020D2,MONITORING WELL,Auxiliary Observation,UAZ_UTRAU,ACTIVE,,,436613.1045,3681402.9132,196.27,,250.43,C,253.39,116.5,2.0,PVC,,2019-09-25,
SRS,GSA,F & H-AREA HAZARDOUS WASTE MANAGEMENT FACILITIES  (GROUNDWATER),FOB-020D3,MONITORING WELL,Auxiliary Observation,UAZ_UTRAU,ACTIVE,,,436613.1113,3681403.0433,185.26,,250.43,C,253.41,116.5,2.0,PVC,,2019-09-25,
SRS,GSA,F & H-AREA HAZARDOUS WASTE MANAGEMENT FACILITIES  (GROUNDWATER),FOB-021C1,MONITORING WELL,Auxiliary Observation,LAZ_UTRAU,ACTIVE,,,436733.4405,3681485.0439,149.33,,242.77,C,245.85,116.1,2.0,PVC,,2019-10-09,
SRS,GSA,F & H-AREA HAZARDOUS WASTE MANAGEMENT FACILITIES  (GROUNDWATER),FOB-021C2,MONITORING WELL,Auxiliary Observation,LAZ_UTRAU,ACTIVE,,,436733.4372,3681484.9752,139.64,,242.77,C,245.85,116.1,2.0,PVC,,2019-10-09,
SRS,GSA,F & H-AREA HAZARDOUS WASTE MANAGEMENT FACILITIES  (GROUNDWATER),FOB-021D1,MONITORING WELL,Auxiliary Observation,UAZ_UTRAU,ACTIVE,,,436733.4269,3681484.9383,206.79,,242.77,C,245.84,116.1,2.0,PVC,,2019-10-09,
SRS,GSA,F & H-AREA HAZARDOUS WASTE MANAGEMENT FACILITIES  (GROUNDWATER),FOB-021D2,MONITORING WELL,Auxiliary Observation,UAZ_UTRAU,ACTIVE,,,436733.4293,3681485.0337,188.73,,242.77,C,245.72,116.1,2.0,PVC,,2019-10-09,
SRS,GSA,F & H-AREA HAZARDOUS WASTE MANAGEMENT FACILITIES  (GROUNDWATER),FOB-021D3,MONITORING WELL,Auxiliary Observation,UAZ_UTRAU,ACTIVE,,,436733.3727,3681484.9793,171.82,,242.77,C,245.85,116.1,2.0,PVC,,2019-10-09,
SRS,GSA,F-AREA WETLANDS PIEZOMETERS FOR WATER TABLE MONITORING,FPZ-001A,PIEZOMETER WELL,Wetland Piezometer,UAZ_UTRAU,ACTIVE ECO-SENSITIVE,33.2682738127,-81.6814089812,436536.94867474,3681043.41979789,184.51,182.01,197.9,C,200.06,16.31,2.0,PVC,,1996-01-04,
SRS,GSA,F-AREA WETLANDS PIEZOMETERS FOR WATER TABLE MONITORING,FPZ-002A,PIEZOMETER WELL,Wetland Piezometer,UAZ_UTRAU,ACTIVE ECO-SENSITIVE,33.2685562759,-81.6813114996,436546.23207576,3681074.67576295,191.85,189.35,201.2,C,203.41,12.27,2.0,PVC,,1996-01-04,
SRS,GSA,F-AREA WETLANDS PIEZOMETERS FOR WATER TABLE MONITORING,FPZ-003A,PIEZOMETER WELL,Wetland Piezometer,UAZ_UTRAU,ACTIVE ECO-SENSITIVE,33.2677922551,-81.6797173891,436694.150696,3680989.00548,190.86,175.86,194.0,C,196.97,21.53,2.0,PVC,,,
SRS,GSA,F-AREA WETLANDS PIEZOMETERS FOR WATER TABLE MONITORING,FPZ-004A,PIEZOMETER WELL,Wetland Piezometer,UAZ_UTRAU,ACTIVE ECO-SENSITIVE,33.2700388782,-81.6787877549,436782.35308005,3681237.51346308,194.46,191.96,203.1,C,205.94,11.56,2.0,PVC,,1996-01-03,
SRS,GSA,F-AREA WETLANDS PIEZOMETERS FOR WATER TABLE MONITORING,FPZ-005A,PIEZOMETER WELL,Wetland Piezometer,UAZ_UTRAU,ACTIVE ECO-SENSITIVE,33.2691013435,-81.6783220232,436825.05388547,3681133.29218029,179.1,176.6,190.9,C,192.78,14.72,2.0,PVC,,1996-01-03,
SRS,GSA,F-AREA WETLANDS PIEZOMETERS FOR WATER TABLE MONITORING,FPZ-005B,PIEZOMETER WELL,Wetland Piezometer,UAZ_UTRAU,ACTIVE ECO-SENSITIVE,33.2691013435,-81.6783220232,436825.05388547,3681133.29218029,189.37,184.37,190.9,C,192.88,6.95,2.0,PVC,,1996-05-28,
SRS,GSA,F-AREA WETLANDS PIEZOMETERS FOR WATER TABLE MONITORING,FPZ-006A,PIEZOMETER WELL,Wetland Piezometer,UAZ_UTRAU,ACTIVE ECO-SENSITIVE,33.2689891509,-81.6778087487,436872.77744615,3681120.54362076,178.02,175.52,189.4,C,191.54,14.3,2.0,PVC,,1996-01-09,
SRS,GSA,F-AREA WETLANDS PIEZOMETERS FOR WATER TABLE MONITORING,FPZ-006B,PIEZOMETER WELL,Wetland Piezometer,UAZ_UTRAU,ACTIVE ECO-SENSITIVE,33.2689891509,-81.6778087487,436872.77744615,3681120.54362076,187.12,182.12,189.4,C,191.6,7.7,,,,1996-05-28,
SRS,GSA,F-AREA WETLANDS PIEZOMETERS FOR WATER TABLE MONITORING,FPZ-007A,PIEZOMETER WELL,Wetland Piezometer,UAZ_UTRAU,ACTIVE ECO-SENSITIVE,33.2697784921,-81.6767944033,436967.8166081,3681207.44099727,186.75,184.25,194.5,C,196.16,10.67,2.0,PVC,,1996-01-08,
SRS,GSA,F-AREA WETLANDS PIEZOMETERS FOR WATER TABLE MONITORING,FPZ-007B,PIEZOMETER WELL,Wetland Piezometer,UAZ_UTRAU,ACTIVE ECO-SENSITIVE,33.2697784921,-81.6767944033,436967.8166081,3681207.44099727,194.12,189.14,194.52,C,196.4,5.4,2.0,PVC,,1996-05-28,
SRS,GSA,F-AREA WETLANDS PIEZOMETERS FOR WATER TABLE MONITORING,FPZ-008A,PIEZOMETER WELL,Wetland Piezometer,,ABANDONED,33.2704569017,-81.6758818393,437053.29515585,3681282.10223452,173.36,170.86,187.4,C,189.54,16.96,2.0,PVC,,1996-01-08,2006-07-26
SRS,GSA,F-AREA WETLANDS PIEZOMETERS FOR WATER TABLE MONITORING,FPZ-008B,PIEZOMETER WELL,Wetland Piezometer,,ABANDONED,33.2704569017,-81.6758818393,437053.29515585,3681282.10223452,184.82,177.32,187.4,C,189.6,10.5,2.0,PVC,,1996-05-29,2006-07-26
SRS,GSA,F-AREA WETLANDS PIEZOMETERS FOR WATER TABLE MONITORING,FPZ-008AR,MONITORING WELL,Wetland Piezometer,UAZ_UTRAU,ACTIVE ECO-SENSITIVE,33.27026869,-81.67595301,437046.531,3681261.279,176.3,174.3,188.8,C,191.47,15.0,2.0,PVC,,2006-07-27,
SRS,GSA,F-AREA WETLANDS PIEZOMETERS FOR WATER TABLE MONITORING,FPZ-008BR,MONITORING WELL,Wetland Piezometer,UAZ_UTRAU,ACTIVE ECO-SENSITIVE,33.27026268,-81.67593907,437047.825,3681260.604,187.3,180.3,188.8,C,191.42,9.0,2.0,PVC,,2006-07-25,
SRS,GSA,F & H-AREA HAZARDOUS WASTE MANAGEMENT FACILITIES  (GROUNDWATER),FSB-000PC,EXTRACTION WELL,,,ABANDONED,33.2714475076,-81.6786874483,436792.71,3681393.62,155.7,105.8,230.8,C,232.7,128.0,4.0,PVC,UNKNOWN,1993-09-21,2004-05-03
SRS,GSA,F & H-AREA HAZARDOUS WASTE MANAGEMENT FACILITIES  (GROUNDWATER),FSB-000PD,PIEZOMETER WELL,,,ABANDONED,33.271989039,-81.6803430422,436638.91,3681454.66,215.3,171.6,252.6,S,254.9,0.0,4.0,PVC,VARIABLE SPEED PUMP,1991-10-29,2004-05-06
SRS,GSA,F & H-AREA HAZARDOUS WASTE MANAGEMENT FACILITIES  (GROUNDWATER),FSB-025PC,EXTRACTION WELL,,,ABANDONED,33.2713958067,-81.6787399831,436787.78,3681387.92,156.5,106.6,231.8,C,233.8,131.0,2.0,PVC,UNKNOWN,1993-09-17,2004-05-03
SRS,GSA,F & H-AREA HAZARDOUS WASTE MANAGEMENT FACILITIES  (GROUNDWATER),FSB-025PD,PIEZOMETER WELL,,,ABANDONED,33.2719257081,-81.6803614488,436637.15,3681447.65,216.4,171.3,252.3,C,254.6,0.0,2.0,PVC,UNKNOWN,1991-10-30,2004-05-04
SRS,GSA,F & H-AREA HAZARDOUS WASTE MANAGEMENT FACILITIES  (GROUNDWATER),FSB-050PC,EXTRACTION WELL,,,ABANDONED,33.2713371833,-81.6785900668,436801.7,3681381.33,154.4,102.0,229.2,C,231.2,140.0,2.0,PVC,UNKNOWN,1993-09-15,2004-05-03
SRS,GSA,F & H-AREA HAZARDOUS WASTE MANAGEMENT FACILITIES  (GROUNDWATER),FSB-050PD,PIEZOMETER WELL,,,ABANDONED,33.2721438098,-81.6803782799,436635.74,3681471.84,219.8,174.7,255.7,C,258.0,0.0,2.0,PVC,UNKNOWN,1991-11-01,2004-05-05
SRS,GSA,F & H-AREA HAZARDOUS WASTE MANAGEMENT FACILITIES  (GROUNDWATER),FSB-076,MONITORING WELL,Plume Assessment Well,UAZ_UTRAU,ACTIVE,33.2780221625,-81.6793850732,436732.48,3682122.94,227.0,197.0,292.0,S,294.4,97.2,4.0,PVC,SINGLE SPEED PUMP,1981-10-01,
SRS,GSA,F & H-AREA HAZARDOUS WASTE MANAGEMENT FACILITIES  (GROUNDWATER),FSB-076A,MONITORING WELL,,,ABANDONED,33.278005258,-81.6793588487,436734.91,3682121.05,47.4,36.9,291.5,S,294.0,257.0,4.0,PVC,SINGLE SPEED PUMP,1984-10-24,2008-08-13
SRS,GSA,F & H-AREA HAZARDOUS WASTE MANAGEMENT FACILITIES  (GROUNDWATER),FSB-076B,MONITORING WELL,,,ABANDONED,33.277988165,-81.6793341261,436737.2,3682119.14,109.7,99.2,291.4,S,294.22,194.6,4.0,PVC,SINGLE SPEED PUMP,1984-10-31,2008-08-13
SRS,GSA,F & H-AREA HAZARDOUS WASTE MANAGEMENT FACILITIES  (GROUNDWATER),FSB-076C,MONITORING WELL,Plume Assessment Well,LAZ_UTRAU,ACTIVE,33.2779699948,-81.6793084288,436739.58,3682117.11,165.3,154.8,291.3,S,293.8,138.8,4.0,PVC,SINGLE SPEED PUMP,1984-11-05,
SRS,GSA,F & H-AREA HAZARDOUS WASTE MANAGEMENT FACILITIES  (GROUNDWATER),FSB-077,MONITORING WELL,,,ABANDONED,33.2746810077,-81.6791975931,436747.53,3681752.41,216.4,186.4,271.4,S,273.4,86.9,4.0,PVC,VARIABLE SPEED PUMP,1981-10-07,2008-08-13
SRS,GSA,F & H-AREA HAZARDOUS WASTE MANAGEMENT FACILITIES  (GROUNDWATER),FSB-078,MONITORING WELL,Plume Assessment Well,UAZ_UTRAU,ACTIVE,33.272977989,-81.6799314135,436677.96,3681564.05,217.7,187.7,270.7,S,272.7,84.9,4.0,PVC,VARIABLE SPEED PUMP,1981-10-08,
SRS,GSA,F & H-AREA HAZARDOUS WASTE MANAGEMENT FACILITIES  (GROUNDWATER),FSB-078A,MONITORING WELL,Plume Assessment Well,GAU,ACTIVE,33.2729772709,-81.6798977996,436681.09,3681563.95,38.7,28.3,270.5,S,272.8,245.6,4.0,PVC,SINGLE SPEED PUMP,1984-11-20,
SRS,GSA,F & H-AREA HAZARDOUS WASTE MANAGEMENT FACILITIES  (GROUNDWATER),FSB-078B,MONITORING WELL,Plume Assessment Well,GAU,ACTIVE,33.2730051421,-81.6798979083,436681.1,3681567.04,92.8,82.4,270.8,S,273.0,190.4,4.0,PVC,SINGLE SPEED PUMP,1984-11-28,
SRS,GSA,F & H-AREA HAZARDOUS WASTE MANAGEMENT FACILITIES  (GROUNDWATER),FSB-078C,MONITORING WELL,Plume Assessment Well,LAZ_UTRAU,ACTIVE,33.2730057595,-81.6799334541,436677.79,3681567.13,151.4,141.6,271.4,S,273.6,131.9,4.0,PVC,VARIABLE SPEED PUMP,1984-11-30,
SRS,GSA,F & H-AREA HAZARDOUS WASTE MANAGEMENT FACILITIES  (GROUNDWATER),FSB-079,MONITORING WELL,Plume Assessment Well,UAZ_UTRAU,ACTIVE,33.2705024942,-81.6778585296,436869.23,3681288.35,204.1,174.1,216.1,S,218.0,43.7,4.0,PVC,VARIABLE SPEED PUMP,1981-10-09,
SRS,GSA,F & H-AREA HAZARDOUS WASTE MANAGEMENT FACILITIES  (GROUNDWATER),FSB-079A,MONITORING WELL,,,ABANDONED,33.270521744,-81.6778351639,436871.42,3681290.47,35.9,25.4,216.1,S,218.2,194.1,4.0,PVC,SINGLE SPEED PUMP,1984-11-13,2008-08-13
SRS,GSA,F & H-AREA HAZARDOUS WASTE MANAGEMENT FACILITIES  (GROUNDWATER),FSB-079B,MONITORING WELL,Plume Assessment Well,GAU,ACTIVE,33.2705409868,-81.6778130866,436873.49,3681292.59,91.2,80.7,216.2,S,218.3,137.5,4.0,PVC,SINGLE SPEED PUMP,1984-11-15,
SRS,GSA,F & H-AREA HAZARDOUS WASTE MANAGEMENT FACILITIES  (GROUNDWATER),FSB-079C,MONITORING WELL,Plume Assessment Well,LAZ_UTRAU,ACTIVE,33.2705649532,-81.6777849256,436876.13,3681295.23,159.6,149.8,216.6,S,218.7,68.6,4.0,PVC,VARIABLE SPEED PUMP,1984-02-27,
SRS,GSA,F & H-AREA HAZARDOUS WASTE MANAGEMENT FACILITIES  (GROUNDWATER),FSB-087A,MONITORING WELL,,,ABANDONED,33.2747507231,-81.6816875585,436515.69,3681761.65,43.6,33.1,285.6,S,287.9,254.7,4.0,PVC,SINGLE SPEED PUMP,1984-10-22,2008-06-30
SRS,GSA,F & H-AREA HAZARDOUS WASTE MANAGEMENT FACILITIES  (GROUNDWATER),FSB-087B,MONITORING WELL,,,ABANDONED,33.2747224736,-81.6817070963,436513.85,3681758.53,100.5,90.0,285.5,S,287.6,197.5,4.0,PVC,SINGLE SPEED PUMP,1984-11-01,2002-08-17
SRS,GSA,F & H-AREA HAZARDOUS WASTE MANAGEMENT FACILITIES  (GROUNDWATER),FSB-087BR,MONITORING WELL,Point of Compliance Well,GAU,ACTIVE,33.27471417,-81.68174616,436510.206,3681757.633,96.25,86.15,286.25,S,288.72,206.0,2.0,PVC,VARIABLE SPEED PUMP,2002-09-06,
SRS,GSA,F & H-AREA HAZARDOUS WASTE MANAGEMENT FACILITIES  (GROUNDWATER),FSB-087C,MONITORING WELL,Point of Compliance Well,LAZ_UTRAU,ACTIVE,33.2746924154,-81.681727479,436511.93,3681755.21,159.65,149.15,285.65,S,287.97,138.7,4.0,PVC,SINGLE SPEED PUMP,1984-11-07,
SRS,GSA,F & H-AREA HAZARDOUS WASTE MANAGEMENT FACILITIES  (GROUNDWATER),FSB-087D,MONITORING WELL,Point of Compliance Well,UAZ_UTRAU,ACTIVE,33.2746600056,-81.6817490246,436509.9,3681751.63,216.8,187.4,285.3,S,287.6,99.9,4.0,PVC,SINGLE SPEED PUMP,1984-11-15,
SRS,GSA,F & H-AREA HAZARDOUS WASTE MANAGEMENT FACILITIES  (GROUNDWATER),FSB-088C,MONITORING WELL,Point of Compliance Well,LAZ_UTRAU,ACTIVE,33.2770781296,-81.6780304674,436857.95,3682017.46,168.4,158.4,280.4,S,283.1,124.6,4.0,PVC,SINGLE SPEED PUMP,1987-10-07,
SRS,GSA,F & H-AREA HAZARDOUS WASTE MANAGEMENT FACILITIES  (GROUNDWATER),FSB-088D,MONITORING WELL,Point of Compliance Well,UAZ_UTRAU,ACTIVE,33.2770981678,-81.6780114013,436859.74,3682019.67,222.1,202.1,280.1,S,282.5,80.3,4.0,PVC,VARIABLE SPEED PUMP,1987-10-07,
SRS,GSA,F & H-AREA HAZARDOUS WASTE MANAGEMENT FACILITIES  (GROUNDWATER),FSB-089C,MONITORING WELL,Point of Compliance Well,LAZ_UTRAU,ACTIVE,33.2766497935,-81.6783568105,436827.25,3681970.17,166.1,156.1,279.1,S,281.5,125.2,4.0,PVC,SINGLE SPEED PUMP,1987-10-07,
SRS,GSA,F & H-AREA HAZARDOUS WASTE MANAGEMENT FACILITIES  (GROUNDWATER),FSB-089D,MONITORING WELL,Point of Compliance Well,UAZ_UTRAU,ACTIVE,33.2766235528,-81.6783719628,436825.82,3681967.27,221.9,201.9,278.9,S,281.61,79.3,4.0,PVC,VARIABLE SPEED PUMP,1987-10-07,
SRS,GSA,F & H-AREA HAZARDOUS WASTE MANAGEMENT FACILITIES  (GROUNDWATER),FSB-090C,MONITORING WELL,Point of Compliance Well,LAZ_UTRAU,ACTIVE,33.2759523405,-81.6785435166,436809.36,3681892.96,168.1,158.1,276.1,S,278.6,120.3,4.0,PVC,SINGLE SPEED PUMP,1987-10-07,
SRS,GSA,F & H-AREA HAZARDOUS WASTE MANAGEMENT FACILITIES  (GROUNDWATER),FSB-090D,MONITORING WELL,Point of Compliance Well,UAZ_UTRAU,ACTIVE,33.2759261326,-81.6785526557,436808.49,3681890.06,225.1,205.1,276.1,S,279.08,73.5,4.0,PVC,VARIABLE SPEED PUMP,1987-10-07,
SRS,GSA,F & H-AREA HAZARDOUS WASTE MANAGEMENT FACILITIES  (GROUNDWATER),FSB-091C,MONITORING WELL,Point of Compliance Well,LAZ_UTRAU,ACTIVE,33.2752588699,-81.6787276735,436791.71,3681816.19,159.1,149.1,277.0,S,279.4,130.2,4.0,PVC,SINGLE SPEED PUMP,1987-10-07,
SRS,GSA,F & H-AREA HAZARDOUS WASTE MANAGEMENT FACILITIES  (GROUNDWATER),FSB-091D,MONITORING WELL,Point of Compliance Well,UAZ_UTRAU,ACTIVE,33.2752350182,-81.6787347906,436791.03,3681813.55,220.9,200.9,276.9,S,279.69,78.3,4.0,PVC,VARIABLE SPEED PUMP,1987-10-07,
SRS,GSA,F & H-AREA HAZARDOUS WASTE MANAGEMENT FACILITIES  (GROUNDWATER),FSB-092C,MONITORING WELL,Point of Compliance Well,LAZ_UTRAU,ACTIVE,33.2742691719,-81.6794420141,436724.47,3681706.9,157.6,147.6,273.6,S,275.7,128.1,4.0,PVC,VARIABLE SPEED PUMP,1987-10-07,
SRS,GSA,F & H-AREA HAZARDOUS WASTE MANAGEMENT FACILITIES  (GROUNDWATER),FSB-092D,MONITORING WELL,Point of Compliance Well,UAZ_UTRAU,ACTIVE,33.2742423689,-81.6794444909,436724.22,3681703.93,221.7,201.7,273.7,S,276.4,74.2,4.0,PVC,VARIABLE SPEED PUMP,1987-10-07,
SRS,GSA,F & H-AREA HAZARDOUS WASTE MANAGEMENT FACILITIES  (GROUNDWATER),FSB-093C,MONITORING WELL,Point of Compliance Well,LAZ_UTRAU,ACTIVE,33.2737519193,-81.6794173917,436726.39,3681649.54,152.25,142.25,274.25,S,276.75,134.2,4.0,PVC,SINGLE SPEED PUMP,1987-10-07,
SRS,GSA,F & H-AREA HAZARDOUS WASTE MANAGEMENT FACILITIES  (GROUNDWATER),FSB-093D,MONITORING WELL,Point of Compliance Well,UAZ_UTRAU,ACTIVE,33.2737227929,-81.6794158776,436726.51,3681646.31,217.9,197.9,273.9,S,276.55,78.2,4.0,PVC,VARIABLE SPEED PUMP,1987-10-07,
SRS,GSA,F & H-AREA HAZARDOUS WASTE MANAGEMENT FACILITIES  (GROUNDWATER),FSB-094C,MONITORING WELL,Point of Compliance Well,LAZ_UTRAU,ACTIVE,33.2732351558,-81.6800951135,436662.9,3681592.66,149.8,139.8,278.8,S,281.3,141.3,4.0,PVC,VARIABLE SPEED PUMP,1987-10-07,
SRS,GSA,F & H-AREA HAZARDOUS WASTE MANAGEMENT FACILITIES  (GROUNDWATER),FSB-094D,MONITORING WELL,,UAZ_UTRAU,ABANDONED,33.2732367822,-81.6800616251,436666.02,3681592.82,221.8,201.8,278.8,C,281.1,79.3,4.0,PVC,UNKNOWN,1987-10-07,1991-01-23
SRS,GSA,F & H-AREA HAZARDOUS WASTE MANAGEMENT FACILITIES  (GROUNDWATER),FSB-094DR,MONITORING WELL,Point of Compliance Well,UAZ_UTRAU,ACTIVE,33.2732073975,-81.6801403179,436658.67,3681589.61,203.4,183.3,278.4,S,281.27,97.2,4.0,PVC,SINGLE SPEED PUMP,1990-10-02,
SRS,GSA,F & H-AREA HAZARDOUS WASTE MANAGEMENT FACILITIES  (GROUNDWATER),FSB-095C,MONITORING WELL,,UAZ_UTRAU,ABANDONED,33.2731957214,-81.6807244546,436604.26,3681588.67,155.8,145.8,281.8,C,284.0,138.2,4.0,PVC,UNKNOWN,1987-10-07,1991-01-23
SRS,GSA,F & H-AREA HAZARDOUS WASTE MANAGEMENT FACILITIES  (GROUNDWATER),FSB-095CR,MONITORING WELL,Point of Compliance Well,LAZ_UTRAU,ACTIVE,33.2732153684,-81.6808592553,436591.72,3681590.93,161.9,151.9,281.9,S,284.4,132.1,4.0,PVC,SINGLE SPEED PUMP,1990-09-21,
SRS,GSA,F & H-AREA HAZARDOUS WASTE MANAGEMENT FACILITIES  (GROUNDWATER),FSB-095D,MONITORING WELL,,UAZ_UTRAU,ABANDONED,33.2731958174,-81.6807563457,436601.29,3681588.7,227.8,207.8,281.8,C,284.3,76.5,4.0,PVC,UNKNOWN,1987-10-07,1991-01-23
SRS,GSA,F & H-AREA HAZARDOUS WASTE MANAGEMENT FACILITIES  (GROUNDWATER),FSB-095DR,MONITORING WELL,Point of Compliance Well,UAZ_UTRAU,ACTIVE,33.2732062144,-81.6808178449,436595.57,3681589.89,207.0,187.0,282.0,S,284.4,97.1,4.0,PVC,SINGLE SPEED PUMP,1990-09-21,
SRS,GSA,F & H-AREA HAZARDOUS WASTE MANAGEMENT FACILITIES  (GROUNDWATER),FSB-096A,MONITORING WELL,,GAU,ABANDONED,33.2726093767,-81.6811772118,436561.67,3681523.94,95.7,85.7,277.7,C,279.8,194.1,4.0,PVC,UNKNOWN,1987-10-07,1991-01-23
SRS,GSA,F & H-AREA HAZARDOUS WASTE MANAGEMENT FACILITIES  (GROUNDWATER),FSB-096AR,MONITORING WELL,Point of Compliance Well,GAU,ACTIVE,33.2726293116,-81.6813252209,436547.9,3681526.24,89.0,79.0,279.0,S,281.4,202.2,4.0,PVC,SINGLE SPEED PUMP,1990-09-24,
SRS,GSA,F & H-AREA HAZARDOUS WASTE MANAGEMENT FACILITIES  (GROUNDWATER),FSB-097A,MONITORING WELL,Point of Compliance Well,GAU,ACTIVE,33.2735536628,-81.6812462849,436555.92,3681628.67,95.8,85.8,283.8,S,286.3,200.3,4.0,PVC,SINGLE SPEED PUMP,1987-10-07,
SRS,GSA,F & H-AREA HAZARDOUS WASTE MANAGEMENT FACILITIES  (GROUNDWATER),FSB-097C,MONITORING WELL,Point of Compliance Well,LAZ_UTRAU,ACTIVE,33.273580253,-81.6812497127,436555.62,3681631.62,153.8,143.8,283.8,S,286.3,142.3,4.0,PVC,VARIABLE SPEED PUMP,1987-10-07,
SRS,GSA,F & H-AREA HAZARDOUS WASTE MANAGEMENT FACILITIES  (GROUNDWATER),FSB-097D,MONITORING WELL,Point of Compliance Well,UAZ_UTRAU,ACTIVE,33.2736088181,-81.6812548738,436555.16,3681634.79,216.9,196.9,283.9,S,286.2,89.1,4.0,PVC,VARIABLE SPEED PUMP,1987-10-07,
SRS,GSA,F & H-AREA HAZARDOUS WASTE MANAGEMENT FACILITIES  (GROUNDWATER),FSB-098A,MONITORING WELL,,,ABANDONED,33.2742915104,-81.6812606051,436555.12,3681710.48,94.7,84.7,280.7,S,283.2,198.3,4.0,PVC,UNKNOWN,1987-10-07,1991-10-21
SRS,GSA,F & H-AREA HAZARDOUS WASTE MANAGEMENT FACILITIES  (GROUNDWATER),FSB-098AR,MONITORING WELL,Point of Compliance Well,GAU,ACTIVE,33.2742042647,-81.6812482235,436556.21,3681700.8,92.1,82.1,282.1,S,284.2,201.9,4.0,PVC,SINGLE SPEED PUMP,1991-10-07,
SRS,GSA,F & H-AREA HAZARDOUS WASTE MANAGEMENT FACILITIES  (GROUNDWATER),FSB-098C,MONITORING WELL,Point of Compliance Well,LAZ_UTRAU,ACTIVE,33.274264198,-81.6812572791,436555.41,3681707.45,158.4,148.4,282.4,S,284.6,136.1,4.0,PVC,VARIABLE SPEED PUMP,1987-10-07,
SRS,GSA,F & H-AREA HAZARDOUS WASTE MANAGEMENT FACILITIES  (GROUNDWATER),FSB-098D,MONITORING WELL,Point of Compliance Well,UAZ_UTRAU,ACTIVE,33.2742356329,-81.6812521179,436555.87,3681704.28,220.3,200.3,282.3,S,284.6,84.2,4.0,PVC,VARIABLE SPEED PUMP,1987-10-07,
SRS,GSA,F & H-AREA HAZARDOUS WASTE MANAGEMENT FACILITIES  (GROUNDWATER),FSB-099A,MONITORING WELL,Plume Assessment Well,GAU,ACTIVE,33.2752388956,-81.681307263,436551.46,3681815.54,102.9,92.9,285.3,S,287.8,194.7,4.0,PVC,SINGLE SPEED PUMP,1987-10-07,
SRS,GSA,F & H-AREA HAZARDOUS WASTE MANAGEMENT FACILITIES  (GROUNDWATER),FSB-099C,MONITORING WELL,Plume Assessment Well,LAZ_UTRAU,ACTIVE,33.2752662238,-81.68130769,436551.44,3681818.57,167.2,157.2,285.2,S,288.06,130.5,4.0,PVC,SINGLE SPEED PUMP,1987-10-07,
SRS,GSA,F & H-AREA HAZARDOUS WASTE MANAGEMENT FACILITIES  (GROUNDWATER),FSB-099D,MONITORING WELL,Plume Assessment Well,UAZ_UTRAU,ACTIVE,33.2752941917,-81.6813066187,436551.56,3681821.67,218.1,198.1,285.1,S,287.8,89.5,4.0,PVC,SINGLE SPEED PUMP,1987-10-07,
SRS,GSA,F & H-AREA HAZARDOUS WASTE MANAGEMENT FACILITIES  (GROUNDWATER),FSB-100A,MONITORING WELL,Point of Compliance Well,GAU,ACTIVE,33.2759769525,-81.6793385218,436735.34,3681896.17,105.8,95.8,283.8,S,286.2,190.2,4.0,PVC,SINGLE SPEED PUMP,1987-10-07,
SRS,GSA,F & H-AREA HAZARDOUS WASTE MANAGEMENT FACILITIES  (GROUNDWATER),FSB-100PC,EXTRACTION WELL,,,ABANDONED,33.2716107724,-81.6784225335,436817.5,3681411.56,153.3,101.1,228.0,C,230.0,147.0,2.0,PVC,UNKNOWN,1993-09-14,2004-05-03
SRS,GSA,F & H-AREA HAZARDOUS WASTE MANAGEMENT FACILITIES  (GROUNDWATER),FSB-100PD,PIEZOMETER WELL,,,ABANDONED,33.2720241906,-81.6800841151,436663.05,3681458.4,215.2,175.1,250.6,C,252.9,0.0,2.0,PVC,UNKNOWN,1991-11-05,
SRS,GSA,F & H-AREA HAZARDOUS WASTE MANAGEMENT FACILITIES  (GROUNDWATER),FSB-101A,MONITORING WELL,Point of Compliance Well,GAU,ACTIVE,33.2767652476,-81.6790840174,436759.61,3681983.41,102.9,92.9,282.9,S,285.4,192.3,4.0,PVC,SINGLE SPEED PUMP,1987-10-07,
SRS,GSA,F & H-AREA HAZARDOUS WASTE MANAGEMENT FACILITIES  (GROUNDWATER),FSB-102C,MONITORING WELL,Plume Assessment Well,LAZ_UTRAU,ACTIVE,33.2714595041,-81.6758728684,437054.85,3681393.25,155.9,145.9,198.9,S,201.3,55.2,4.0,PVC,VARIABLE SPEED PUMP,1988-02-01,
SRS,GSA,F & H-AREA HAZARDOUS WASTE MANAGEMENT FACILITIES  (GROUNDWATER),FSB-103C,MONITORING WELL,,,ABANDONED,33.2709149614,-81.6802067253,436650.83,3681335.5,157.1,147.1,240.1,S,242.6,95.3,4.0,PVC,SINGLE SPEED PUMP,1988-02-01,2008-08-13
SRS,GSA,F & H-AREA HAZARDOUS WASTE MANAGEMENT FACILITIES  (GROUNDWATER),FSB-104C,MONITORING WELL,Plume Assessment Well,LAZ_UTRAU,ACTIVE,33.2695115799,-81.6806112614,436612.14,3681180.16,161.01,151.01,217.01,S,219.61,68.4,4.0,PVC,SINGLE SPEED PUMP,1988-01-20,
SRS,GSA,F & H-AREA HAZARDOUS WASTE MANAGEMENT FACILITIES  (GROUNDWATER),FSB-104D,MONITORING WELL,Plume Assessment Well,UAZ_UTRAU,ACTIVE,33.2695063444,-81.6805790096,436615.14,3681179.56,210.4,190.4,216.9,S,219.4,28.8,4.0,PVC,VARIABLE SPEED PUMP,1988-01-20,
SRS,GSA,F & H-AREA HAZARDOUS WASTE MANAGEMENT FACILITIES  (GROUNDWATER),FSB-105C,MONITORING WELL,,,ABANDONED,33.2734682906,-81.6817312804,436510.69,3681619.5,151.5,141.5,283.5,S,286.19,144.3,4.0,PVC,VARIABLE SPEED PUMP,1988-01-18,2008-08-13
SRS,GSA,F & H-AREA HAZARDOUS WASTE MANAGEMENT FACILITIES  (GROUNDWATER),FSB-105D,MONITORING WELL,,,ABANDONED,33.2734992887,-81.6817368901,436510.19,3681622.94,223.7,203.7,283.7,C,285.8,82.1,4.0,PVC,UNKNOWN,1988-01-18,1991-01-23
SRS,GSA,F & H-AREA HAZARDOUS WASTE MANAGEMENT FACILITIES  (GROUNDWATER),FSB-105DR,MONITORING WELL,,,ABANDONED,33.2735423683,-81.6817434527,436509.61,3681627.72,208.6,188.5,283.6,S,286.27,97.1,4.0,PVC,VARIABLE SPEED PUMP,1990-09-21,2008-08-13
SRS,GSA,F & H-AREA HAZARDOUS WASTE MANAGEMENT FACILITIES  (GROUNDWATER),FSB-106C,MONITORING WELL,,,ABANDONED,33.2725029081,-81.6775354354,436900.76,3681509.93,166.0,156.0,233.0,S,235.3,79.1,4.0,PVC,VARIABLE SPEED PUMP,1988-02-05,2008-06-30
SRS,GSA,F & H-AREA HAZARDOUS WASTE MANAGEMENT FACILITIES  (GROUNDWATER),FSB-106D,MONITORING WELL,,,ABANDONED,33.2724856211,-81.6775793253,436896.66,3681508.04,222.7,202.7,232.7,S,235.61,32.0,4.0,PVC,SINGLE SPEED PUMP,1990-06-22,2008-08-13
SRS,GSA,F & H-AREA HAZARDOUS WASTE MANAGEMENT FACILITIES  (GROUNDWATER),FSB-107C,MONITORING WELL,Plume Assessment Well,LAZ_UTRAU,ACTIVE,33.2755279397,-81.6781320904,436847.37,3681845.66,160.95,150.95,268.95,S,271.4,120.1,4.0,PVC,SINGLE SPEED PUMP,1988-01-15,
SRS,GSA,F & H-AREA HAZARDOUS WASTE MANAGEMENT FACILITIES  (GROUNDWATER),FSB-107D,MONITORING WELL,,,ABANDONED,33.2754993891,-81.678140782,436846.54,3681842.5,220.9,200.9,268.7,S,271.2,70.1,4.0,PVC,VARIABLE SPEED PUMP,1988-01-23,2008-08-13
SRS,GSA,F & H-AREA HAZARDOUS WASTE MANAGEMENT FACILITIES  (GROUNDWATER),FSB-108D,MONITORING WELL,Background Well,UAZ_UTRAU,ACTIVE,33.2778832202,-81.6802654854,436650.39,3682108.07,223.8,203.8,295.8,S,298.2,94.2,4.0,PVC,SINGLE SPEED PUMP,1987-10-07,
SRS,GSA,F & H-AREA HAZARDOUS WASTE MANAGEMENT FACILITIES  (GROUNDWATER),FSB-109D,MONITORING WELL,Point of Compliance Well,UAZ_UTRAU,ACTIVE,33.2759212146,-81.6812000302,436561.94,3681891.12,225.8,205.8,290.8,S,293.3,87.3,4.0,PVC,SINGLE SPEED PUMP,1987-10-07,
SRS,GSA,F & H-AREA HAZARDOUS WASTE MANAGEMENT FACILITIES  (GROUNDWATER),FSB-110C,MONITORING WELL,,,ABANDONED,33.2716870673,-81.6788547636,436777.3,3681420.28,147.48,137.48,232.48,S,235.04,97.3,4.0,PVC,SINGLE SPEED PUMP,1987-09-09,2008-06-30
SRS,GSA,F & H-AREA HAZARDOUS WASTE MANAGEMENT FACILITIES  (GROUNDWATER),FSB-110D,MONITORING WELL,,,ABANDONED,33.2716781612,-81.6788834706,436774.62,3681419.31,211.1,191.1,232.6,S,234.7,43.4,4.0,PVC,VARIABLE SPEED PUMP,1988-01-26,2008-08-13
SRS,GSA,F & H-AREA HAZARDOUS WASTE MANAGEMENT FACILITIES  (GROUNDWATER),FSB-111C,MONITORING WELL,,,ABANDONED,33.2765695868,-81.6775498803,436902.34,3681960.79,169.0,159.0,274.0,S,276.5,117.3,4.0,PVC,SINGLE SPEED PUMP,1988-02-05,2008-06-30
SRS,GSA,F & H-AREA HAZARDOUS WASTE MANAGEMENT FACILITIES  (GROUNDWATER),FSB-111D,MONITORING WELL,,,ABANDONED,33.2765516724,-81.6775764793,436899.85,3681958.82,221.7,201.7,274.4,S,276.8,74.9,4.0,PVC,SINGLE SPEED PUMP,1988-02-05,2008-08-13
SRS,GSA,F & H-AREA HAZARDOUS WASTE MANAGEMENT FACILITIES  (GROUNDWATER),FSB-112A,MONITORING WELL,Plume Assessment Well,GAU,ACTIVE,33.2695878275,-81.6824652833,436439.52,3681189.74,91.0,81.0,227.0,S,229.3,148.1,4.0,PVC,SINGLE SPEED PUMP,1990-06-22,
SRS,GSA,F & H-AREA HAZARDOUS WASTE MANAGEMENT FACILITIES  (GROUNDWATER),FSB-112C,MONITORING WELL,Plume Assessment Well,LAZ_UTRAU,ACTIVE,33.2695558221,-81.6824953128,436436.7,3681186.21,139.1,129.1,227.1,S,229.87,100.0,4.0,PVC,SINGLE SPEED PUMP,1990-06-29,
SRS,GSA,F & H-AREA HAZARDOUS WASTE MANAGEMENT FACILITIES  (GROUNDWATER),FSB-112D,MONITORING WELL,,,ABANDONED,33.2695232666,-81.6825269486,436433.73,3681182.62,208.9,188.9,227.6,S,230.39,40.7,4.0,PVC,SINGLE SPEED PUMP,1990-06-28,2003-10-02
SRS,GSA,F & H-AREA HAZARDOUS WASTE MANAGEMENT FACILITIES  (GROUNDWATER),FSB-112DR,MONITORING WELL,Plume Assessment Well,UAZ_UTRAU,ACTIVE,33.26962376,-81.68243752,436442.132,3681193.707,176.61,166.6,226.65,S,230.04,62.86,2.0,PVC,VARIABLE SPEED PUMP,2003-09-30,
SRS,GSA,F & H-AREA HAZARDOUS WASTE MANAGEMENT FACILITIES  (GROUNDWATER),FSB-113A,MONITORING WELL,Plume Assessment Well,GAU,ACTIVE,33.273133036,-81.6763942894,437007.49,3681579.1,91.3,81.0,221.3,S,223.4,142.2,4.0,PVC,SINGLE SPEED PUMP,1990-06-08,
SRS,GSA,F & H-AREA HAZARDOUS WASTE MANAGEMENT FACILITIES  (GROUNDWATER),FSB-113C,MONITORING WELL,Plume Assessment Well,LAZ_UTRAU,ACTIVE,33.2731443425,-81.6763387564,437012.67,3681580.32,164.0,154.0,221.0,S,223.1,68.9,4.0,PVC,SINGLE SPEED PUMP,1990-06-13,
SRS,GSA,F & H-AREA HAZARDOUS WASTE MANAGEMENT FACILITIES  (GROUNDWATER),FSB-113D,MONITORING WELL,,UAZ_UTRAU,ABANDONED,33.2731544403,-81.6762898712,437017.23,3681581.41,209.6,189.6,220.6,S,222.6,32.9,4.0,PVC,SINGLE SPEED PUMP,1990-06-14,2008-08-13
SRS,GSA,F & H-AREA HAZARDOUS WASTE MANAGEMENT FACILITIES  (GROUNDWATER),FSB-114A,MONITORING WELL,Plume Assessment Well,GAU,ACTIVE,33.2772286557,-81.6760132101,437045.92,3682032.93,105.0,95.2,250.0,S,252.2,156.8,4.0,PVC,SINGLE SPEED PUMP,1990-06-15,
SRS,GSA,F & H-AREA HAZARDOUS WASTE MANAGEMENT FACILITIES  (GROUNDWATER),FSB-114C,MONITORING WELL,Plume Assessment Well,LAZ_UTRAU,ACTIVE,33.2771880666,-81.6760296485,437044.36,3682028.44,167.9,157.9,250.1,S,253.0,94.2,4.0,PVC,SINGLE SPEED PUMP,1990-06-20,
SRS,GSA,F & H-AREA HAZARDOUS WASTE MANAGEMENT FACILITIES  (GROUNDWATER),FSB-114D,MONITORING WELL,Plume Assessment Well,UAZ_UTRAU,ACTIVE,33.2771414103,-81.6760504428,437042.39,3682023.28,217.8,197.7,250.2,S,252.4,54.5,4.0,PVC,SINGLE SPEED PUMP,1990-06-20,
SRS,GSA,F & H-AREA HAZARDOUS WASTE MANAGEMENT FACILITIES  (GROUNDWATER),FSB-115C,MONITORING WELL,Plume Assessment Well,LAZ_UTRAU,ACTIVE,33.2673058442,-81.6766919769,436975.58,3680933.25,173.8,163.8,205.8,S,207.9,44.0,4.0,PVC,SINGLE SPEED PUMP,1990-07-24,
SRS,GSA,F & H-AREA HAZARDOUS WASTE MANAGEMENT FACILITIES  (GROUNDWATER),FSB-115D,MONITORING WELL,Plume Assessment Well,UAZ_UTRAU,ACTIVE,33.2672685094,-81.6766905079,436975.69,3680929.11,192.5,182.5,206.5,S,208.7,26.0,4.0,PVC,SINGLE SPEED PUMP,1990-08-17,
SRS,GSA,F & H-AREA HAZARDOUS WASTE MANAGEMENT FACILITIES  (GROUNDWATER),FSB-116C,MONITORING WELL,Plume Assessment Well,LAZ_UTRAU,ACTIVE,33.2692550457,-81.6747046631,437162.07,3681148.15,170.5,160.5,200.5,S,203.34,42.0,4.0,PVC,SINGLE SPEED PUMP,1990-07-24,
SRS,GSA,F & H-AREA HAZARDOUS WASTE MANAGEMENT FACILITIES  (GROUNDWATER),FSB-116D,MONITORING WELL,Plume Assessment Well,UAZ_UTRAU,ACTIVE,33.2692328757,-81.6747509839,437157.74,3681145.72,196.4,186.4,200.9,S,203.1,16.5,4.0,PVC,SINGLE SPEED PUMP,1990-08-14,
SRS,GSA,F & H-AREA HAZARDOUS WASTE MANAGEMENT FACILITIES  (GROUNDWATER),FSB-117D,MONITORING WELL,Plume Assessment Well,UAZ_UTRAU,ACTIVE,33.271969725,-81.6777359715,436881.7,3681450.94,209.7,189.7,228.7,S,230.9,41.0,4.0,PVC,SINGLE SPEED PUMP,1990-07-06,
SRS,GSA,F & H-AREA HAZARDOUS WASTE MANAGEMENT FACILITIES  (GROUNDWATER),FSB-118D,MONITORING WELL,Plume Assessment Well,UAZ_UTRAU,ACTIVE,33.2746458614,-81.6768765867,436963.66,3681747.11,211.3,191.3,241.3,S,243.4,52.0,4.0,PVC,SINGLE SPEED PUMP,1990-07-03,
SRS,GSA,F & H-AREA HAZARDOUS WASTE MANAGEMENT FACILITIES  (GROUNDWATER),FSB-119D,MONITORING WELL,,,ABANDONED,33.2733259665,-81.6784646816,436814.81,3681601.74,213.1,193.1,252.1,S,254.3,61.0,4.0,PVC,SINGLE SPEED PUMP,1990-07-09,2008-08-13
SRS,GSA,F & H-AREA HAZARDOUS WASTE MANAGEMENT FACILITIES  (GROUNDWATER),FSB-120A,MONITORING WELL,,,ABANDONED,33.2730775782,-81.6840403459,436295.36,3681577.59,109.0,99.0,278.0,S,280.3,181.1,4.0,PVC,SINGLE SPEED PUMP,1990-07-12,2002-09-04
SRS,GSA,F & H-AREA HAZARDOUS WASTE MANAGEMENT FACILITIES  (GROUNDWATER),FSB-120AR,MONITORING WELL,Plume Assessment Well,GAU,ACTIVE,33.273127,-81.68405908,436293.651,3681583.081,102.52,92.42,277.52,S,280.19,188.0,2.0,PVC,VARIABLE SPEED PUMP,2002-09-11,
SRS,GSA,F & H-AREA HAZARDOUS WASTE MANAGEMENT FACILITIES  (GROUNDWATER),FSB-120C,MONITORING WELL,Plume Assessment Well,LAZ_UTRAU,ACTIVE,33.2730941721,-81.6840736541,436292.27,3681579.45,160.92,150.92,277.92,S,279.9,129.0,4.0,PVC,SINGLE SPEED PUMP,1990-07-17,
SRS,GSA,F & H-AREA HAZARDOUS WASTE MANAGEMENT FACILITIES  (GROUNDWATER),FSB-120D,MONITORING WELL,Plume Assessment Well,UAZ_UTRAU,ACTIVE,33.2731238996,-81.6841298283,436287.06,3681582.78,216.5,196.5,278.5,S,280.61,84.0,4.0,PVC,SINGLE SPEED PUMP,1990-07-12,
SRS,GSA,F & H-AREA HAZARDOUS WASTE MANAGEMENT FACILITIES  (GROUNDWATER),FSB-121C,MONITORING WELL,Plume Assessment Well,LAZ_UTRAU,ACTIVE,33.2709855591,-81.6853033744,436176.21,3681346.43,158.4,148.4,254.4,S,256.6,108.1,4.0,PVC,SINGLE SPEED PUMP,1990-07-12,
SRS,GSA,F & H-AREA HAZARDOUS WASTE MANAGEMENT FACILITIES  (GROUNDWATER),FSB-121D,MONITORING WELL,,,ABANDONED,33.2710278658,-81.6853028459,436176.29,3681351.12,215.0,195.0,254.0,S,256.3,0.0,4.0,PVC,UNKNOWN,1990-07-20,
SRS,GSA,F & H-AREA HAZARDOUS WASTE MANAGEMENT FACILITIES  (GROUNDWATER),FSB-121DR,MONITORING WELL,,,ABANDONED,33.2710042414,-81.6852523038,436180.98,3681348.47,211.65,191.65,253.65,S,256.52,64.2,4.0,PVC,SINGLE SPEED PUMP,1991-09-04,2008-08-13
SRS,GSA,F & H-AREA HAZARDOUS WASTE MANAGEMENT FACILITIES  (GROUNDWATER),FSB-122C,MONITORING WELL,Plume Assessment Well,LAZ_UTRAU,ACTIVE,33.2678125024,-81.6834026509,436350.93,3680993.49,170.26,160.26,216.26,S,218.97,58.0,4.0,PVC,SINGLE SPEED PUMP,1990-06-29,
SRS,GSA,F & H-AREA HAZARDOUS WASTE MANAGEMENT FACILITIES  (GROUNDWATER),FSB-122D,MONITORING WELL,Plume Assessment Well,UAZ_UTRAU,ACTIVE,33.2677873367,-81.6833533875,436355.5,3680990.67,206.6,186.6,215.6,S,217.8,31.0,4.0,PVC,SINGLE SPEED PUMP,1990-07-24,
SRS,GSA,F & H-AREA HAZARDOUS WASTE MANAGEMENT FACILITIES  (GROUNDWATER),FSB-123C,MONITORING WELL,Plume Assessment Well,LAZ_UTRAU,ACTIVE,33.2751294821,-81.6753732769,437104.01,3681799.82,165.3,155.3,236.3,S,238.3,82.8,4.0,PVC,SINGLE SPEED PUMP,1990-06-22,
SRS,GSA,F & H-AREA HAZARDOUS WASTE MANAGEMENT FACILITIES  (GROUNDWATER),FSB-123D,MONITORING WELL,Plume Assessment Well,UAZ_UTRAU,ACTIVE,33.2750950238,-81.6754068355,437100.86,3681796.02,214.1,194.1,236.1,S,238.3,44.0,4.0,PVC,SINGLE SPEED PUMP,1990-06-22,
SRS,GSA,F & H-AREA HAZARDOUS WASTE MANAGEMENT FACILITIES  (GROUNDWATER),FSB-124D,MONITORING WELL,Plume Assessment Well,UAZ_UTRAU,ACTIVE,33.27142892,-81.68257716,436430.434,3681393.92,190.27,180.27,256.33,S,259.41,78.56,2.0,PVC,VARIABLE SPEED PUMP,2003-12-30,
SRS,GSA,F & H-AREA HAZARDOUS WASTE MANAGEMENT FACILITIES  (GROUNDWATER),FSB-125D,MONITORING WELL,,,ABANDONED,33.27229453,-81.67903145,436761.282,3681487.733,185.99,175.97,241.11,S,244.16,67.64,2.0,PVC,VARIABLE SPEED PUMP,2003-12-19,2005-09-13
SRS,GSA,F & H-AREA HAZARDOUS WASTE MANAGEMENT FACILITIES  (GROUNDWATER),FSB-125DR,MONITORING WELL,Plume Assessment Well,UAZ_UTRAU,ACTIVE,33.27226118,-81.67897195,436766.8,3681484.0,185.75,175.75,240.75,S,243.98,70.0,2.0,PVC,VARIABLE SPEED PUMP,2005-01-19,
SRS,GSA,F & H-AREA HAZARDOUS WASTE MANAGEMENT FACILITIES  (GROUNDWATER),FSB-126D,MONITORING WELL,Plume Assessment Well,UAZ_UTRAU,ACTIVE,33.2713337,-81.67924961,436740.272,3681381.343,183.07,173.06,236.86,S,239.77,66.4,2.0,PVC,VARIABLE SPEED PUMP,2003-12-19,
SRS,GSA,F & H-AREA HAZARDOUS WASTE MANAGEMENT FACILITIES  (GROUNDWATER),FSB-127D,MONITORING WELL,Plume Assessment Well,UAZ_UTRAU,ACTIVE,33.27228119,-81.67608171,437035.989,3681484.472,182.11,177.1,211.1,S,214.13,36.5,2.0,PVC,VARIABLE SPEED PUMP,2003-12-16,
SRS,GSA,F & H-AREA HAZARDOUS WASTE MANAGEMENT FACILITIES  (GROUNDWATER),FSB-128D,MONITORING WELL,Plume Assessment Well,UAZ_UTRAU,ACTIVE,33.26907789,-81.68489879,436212.504,3681134.69,191.33,181.33,246.4,S,249.19,67.57,2.0,PVC,VARIABLE SPEED PUMP,2003-12-19,
SRS,GSA,F & H-AREA HAZARDOUS WASTE MANAGEMENT FACILITIES  (GROUNDWATER),FSB-129D,MONITORING WELL,Plume Assessment Well,UAZ_UTRAU,ACTIVE,33.26693404,-81.68459212,436239.507,3680896.825,203.23,193.23,222.24,S,225.15,31.51,2.0,PVC,VARIABLE SPEED PUMP,2003-12-31,
SRS,GSA,F & H-AREA HAZARDOUS WASTE MANAGEMENT FACILITIES  (GROUNDWATER),FSB-130D,MONITORING WELL,Plume Assessment Well,UAZ_UTRAU,ACTIVE,33.2705269,-81.67920723,436743.637,3681291.874,196.96,186.95,231.96,S,234.79,47.51,2.0,PVC,VARIABLE SPEED PUMP,2003-12-19,
SRS,GSA,F & H-AREA HAZARDOUS WASTE MANAGEMENT FACILITIES  (GROUNDWATER),FSB-131D,MONITORING WELL,Plume Assessment Well,UAZ_UTRAU,ACTIVE,33.27025212,-81.67928077,436736.59,3681261.453,198.07,188.07,226.09,S,229.05,40.52,2.0,PVC,VARIABLE SPEED PUMP,2003-12-19,
SRS,GSA,F & H-AREA HAZARDOUS WASTE MANAGEMENT FACILITIES  (GROUNDWATER),FSB-132D,MONITORING WELL,Plume Assessment Well,UAZ_UTRAU,ACTIVE,33.26971269,-81.68088035,436587.224,3681202.619,192.39,182.4,219.45,S,222.48,39.55,2.0,PVC,VARIABLE SPEED PUMP,2004-01-02,
SRS,GSA,F & H-AREA HAZARDOUS WASTE MANAGEMENT FACILITIES  (GROUNDWATER),FSB-133D,MONITORING WELL,Plume Assessment Well,UAZ_UTRAU,ACTIVE,33.26904269,-81.68136315,436541.774,3681128.633,199.72,189.71,217.53,S,220.35,30.32,2.0,PVC,VARIABLE SPEED PUMP,2003-12-30,
SRS,GSA,F & H-AREA HAZARDOUS WASTE MANAGEMENT FACILITIES  (GROUNDWATER),FSB-134D,MONITORING WELL,Plume Assessment Well,UAZ_UTRAU,ACTIVE,33.26929089,-81.68173593,436507.234,3681156.376,190.56,180.56,220.23,S,223.3,32.17,2.0,PVC,VARIABLE SPEED PUMP,2003-12-31,
SRS,GSA,F & H-AREA HAZARDOUS WASTE MANAGEMENT FACILITIES  (GROUNDWATER),FSB-135D,MONITORING WELL,Plume Assessment Well,UAZ_UTRAU,ACTIVE,33.2685884,-81.68279619,436407.977,3681079.14,186.06,176.07,219.12,S,222.11,45.55,2.0,PVC,VARIABLE SPEED PUMP,2003-12-30,
SRS,GSA,F & H-AREA HAZARDOUS WASTE MANAGEMENT FACILITIES  (GROUNDWATER),FSB-136D,MONITORING WELL,Plume Assessment Well,UAZ_UTRAU,ACTIVE,33.26828918,-81.68266344,436420.123,3681045.886,198.93,188.93,215.1,S,217.99,28.67,2.0,PVC,VARIABLE SPEED PUMP,2003-12-31,
SRS,GSA,F & H-AREA HAZARDOUS WASTE MANAGEMENT FACILITIES  (GROUNDWATER),FSB-137D,MONITORING WELL,Plume Assessment Well,UAZ_UTRAU,ACTIVE,33.26761063,-81.68228502,436454.876,3680970.429,185.61,180.61,200.61,S,203.28,22.5,2.0,PVC,VARIABLE SPEED PUMP,2003-12-31,
SRS,GSA,F & H-AREA HAZARDOUS WASTE MANAGEMENT FACILITIES  (GROUNDWATER),FSB-138D,MONITORING WELL,Plume Assessment Well,UAZ_UTRAU,ACTIVE,33.26869995,-81.68038923,436632.232,3681090.045,185.51,180.51,208.01,S,210.93,30.0,2.0,PVC,VARIABLE SPEED PUMP,2003-12-31,
SRS,GSA,F & H-AREA HAZARDOUS WASTE MANAGEMENT FACILITIES  (GROUNDWATER),FSB-139D,MONITORING WELL,Auxiliary Observation,UAZ_UTRAU,ACTIVE,33.2730331,-81.67669637,436979.285,3681568.203,200.43,,224.58,C,227.04,47.0,2.0,PVC,NONE,2011-08-02,
SRS,GSA,F & H-AREA HAZARDOUS WASTE MANAGEMENT FACILITIES  (GROUNDWATER),FSB-140D,MONITORING WELL,Auxiliary Observation,UAZ_UTRAU,ACTIVE,33.2726784,-81.67652056,436995.404,3681528.773,194.56,,219.44,C,221.89,47.0,2.0,PVC,NONE,2011-08-02,
SRS,GSA,F & H-AREA HAZARDOUS WASTE MANAGEMENT FACILITIES  (GROUNDWATER),FSB-141D,MONITORING WELL,Auxiliary Observation,UAZ_UTRAU,ACTIVE,33.27290138,-81.67642831,437004.155,3681553.438,198.16,,219.81,C,222.36,47.0,2.0,PVC,NONE,2011-08-03,
SRS,GSA,F & H-AREA HAZARDOUS WASTE MANAGEMENT FACILITIES  (GROUNDWATER),FSB-142D,MONITORING WELL,Auxiliary Observation,,ACTIVE,33.2708889,-81.67905742,436757.85,3681331.914,184.04,169.04,234.04,C,236.88,68.0,2.0,PVC,VARIABLE SPEED PUMP,2015-04-21,
SRS,GSA,F & H-AREA HAZARDOUS WASTE MANAGEMENT FACILITIES  (GROUNDWATER),FSB-143D,MONITORING WELL,Auxiliary Observation,,ACTIVE,33.27056268,-81.67916511,436747.586,3681295.813,188.66,173.66,232.16,C,235.07,62.5,2.0,PVC,VARIABLE SPEED PUMP,2015-04-28,
SRS,GSA,F & H-AREA HAZARDOUS WASTE MANAGEMENT FACILITIES  (GROUNDWATER),FSB-144D,MONITORING WELL,Auxiliary Observation,,ACTIVE,33.27047143,-81.67901603,436761.404,3681285.607,201.53,186.53,228.63,C,231.6,47.5,2.0,PVC,VARIABLE SPEED PUMP,2015-04-27,
SRS,GSA,F & H-AREA HAZARDOUS WASTE MANAGEMENT FACILITIES  (GROUNDWATER),FSB-145D,MONITORING WELL,Auxiliary Observation,,ACTIVE,33.2705477,-81.67894739,436767.853,3681294.021,197.57,182.57,229.57,S,232.39,52.0,2.0,PVC,VARIABLE SPEED PUMP,2015-04-23,
SRS,GSA,F & H-AREA HAZARDOUS WASTE MANAGEMENT FACILITIES  (GROUNDWATER),FSB-146D,MONITORING WELL,Auxiliary Observation,,ACTIVE,33.27054694,-81.67888007,436774.121,3681293.895,199.82,184.82,228.82,S,231.56,47.0,2.0,PVC,VARIABLE SPEED PUMP,2015-04-22,
SRS,GSA,F & H-AREA HAZARDOUS WASTE MANAGEMENT FACILITIES  (GROUNDWATER),FSB-150PC,EXTRACTION WELL,,,ABANDONED,33.2712024462,-81.6790816499,436755.82,3681366.69,160.1,107.6,234.8,C,236.8,137.0,2.0,PVC,UNKNOWN,1993-09-09,2004-05-06
SRS,GSA,F & H-AREA HAZARDOUS WASTE MANAGEMENT FACILITIES  (GROUNDWATER),FSB-150PD,PIEZOMETER WELL,,,ABANDONED,33.2719210346,-81.6808196823,436594.47,3681447.41,221.3,176.2,257.2,C,259.4,0.0,2.0,PVC,UNKNOWN,1991-11-04,2004-05-04
SRS,GSA,F & H-AREA HAZARDOUS WASTE MANAGEMENT FACILITIES  (GROUNDWATER),FSI-001,INJECTION WELL,Injection Well,UAZ_UTRAU,ACTIVE ECO-SENSITIVE,33.27148613,-81.67617427,437026.799,3681396.384,190.41,185.41,200.41,C,201.5,15.5,2.0,PVC,,2008-02-12,
SRS,GSA,F & H-AREA HAZARDOUS WASTE MANAGEMENT FACILITIES  (GROUNDWATER),FSI-002,INJECTION WELL,Injection Well,UAZ_UTRAU,ACTIVE ECO-SENSITIVE,33.27135147,-81.67635178,437010.17,3681381.561,188.72,183.72,202.72,C,203.63,19.34,2.0,PVC,,2008-02-15,
SRS,GSA,F & H-AREA HAZARDOUS WASTE MANAGEMENT FACILITIES  (GROUNDWATER),FSI-003,INJECTION WELL,Injection Well,UAZ_UTRAU,ACTIVE ECO-SENSITIVE,33.27114116,-81.67663407,436983.728,3681358.416,183.05,178.05,198.05,C,198.88,20.34,2.0,PVC,,2008-02-15,
SRS,GSA,F & H-AREA HAZARDOUS WASTE MANAGEMENT FACILITIES  (GROUNDWATER),FSI-004,INJECTION WELL,Injection Well,UAZ_UTRAU,ACTIVE ECO-SENSITIVE,33.27097936,-81.67679299,436968.811,3681340.574,184.77,179.77,197.77,C,198.61,18.34,2.0,PVC,,2008-02-19,
SRS,GSA,F & H-AREA HAZARDOUS WASTE MANAGEMENT FACILITIES  (GROUNDWATER),FSI-005,INJECTION WELL,Injection Well,UAZ_UTRAU,ACTIVE ECO-SENSITIVE,33.27088639,-81.676911,436957.753,3681330.338,186.88,181.88,199.55,C,200.33,18.0,2.0,PVC,,2008-02-18,
SRS,GSA,F & H-AREA HAZARDOUS WASTE MANAGEMENT FACILITIES  (GROUNDWATER),FSI-006,INJECTION WELL,Injection Well,UAZ_UTRAU,ACTIVE ECO-SENSITIVE,33.2711445,-81.67585284,437056.489,3681358.316,179.44,174.44,191.78,C,192.74,17.67,2.0,PVC,,2008-02-19,
SRS,GSA,F & H-AREA HAZARDOUS WASTE MANAGEMENT FACILITIES  (GROUNDWATER),FSI-007,INJECTION WELL,Injection Well,UAZ_UTRAU,ACTIVE ECO-SENSITIVE,33.27101242,-81.67601924,437040.897,3681343.773,180.14,175.14,192.14,C,193.01,17.34,2.0,PVC,,2008-02-20,
SRS,GSA,F & H-AREA HAZARDOUS WASTE MANAGEMENT FACILITIES  (GROUNDWATER),FSI-008,INJECTION WELL,Injection Well,UAZ_UTRAU,ACTIVE ECO-SENSITIVE,33.27085625,-81.67621702,437022.365,3681326.578,182.78,177.78,192.45,C,193.36,15.0,2.0,PVC,,2008-02-20,
SRS,GSA,F & H-AREA HAZARDOUS WASTE MANAGEMENT FACILITIES  (GROUNDWATER),FSI-009,INJECTION WELL,Injection Well,UAZ_UTRAU,ACTIVE ECO-SENSITIVE,33.27085788,-81.67640553,437004.809,3681326.873,184.74,179.74,195.08,C,195.96,15.67,2.0,PVC,,2008-02-21,
SRS,GSA,F & H-AREA HAZARDOUS WASTE MANAGEMENT FACILITIES  (GROUNDWATER),FSI-010,INJECTION WELL,Injection Well,UAZ_UTRAU,ACTIVE ECO-SENSITIVE,33.2705814,-81.675448,437093.79,3681295.643,173.39,168.39,187.56,C,188.57,19.5,2.0,PVC,,2008-03-12,
SRS,GSA,F & H-AREA HAZARDOUS WASTE MANAGEMENT FACILITIES  (GROUNDWATER),FSI-011,INJECTION WELL,Injection Well,UAZ_UTRAU,ACTIVE ECO-SENSITIVE,33.27045996,-81.67562087,437077.603,3681282.284,172.99,167.99,186.83,C,188.12,19.17,2.0,PVC,,2008-03-12,
SRS,GSA,F & H-AREA HAZARDOUS WASTE MANAGEMENT FACILITIES  (GROUNDWATER),FSI-012,INJECTION WELL,Injection Well,UAZ_UTRAU,ACTIVE ECO-SENSITIVE,33.27029081,-81.67584928,437056.208,3681263.669,172.59,167.59,187.43,C,188.51,20.17,2.0,PVC,,2008-03-12,
SRS,GSA,F & H-AREA HAZARDOUS WASTE MANAGEMENT FACILITIES  (GROUNDWATER),FSI-013,INJECTION WELL,Injection Well,UAZ_UTRAU,ACTIVE ECO-SENSITIVE,33.26975323,-81.67661748,436984.276,3681204.533,181.57,176.57,194.41,C,195.39,18.17,2.0,PVC,,2008-02-25,
SRS,GSA,F & H-AREA HAZARDOUS WASTE MANAGEMENT FACILITIES  (GROUNDWATER),FSI-014,INJECTION WELL,Injection Well,UAZ_UTRAU,ACTIVE ECO-SENSITIVE,33.26966074,-81.67675108,436971.767,3681194.36,180.59,175.59,192.09,C,193.08,16.84,2.0,PVC,,2008-02-25,
SRS,GSA,F & H-AREA HAZARDOUS WASTE MANAGEMENT FACILITIES  (GROUNDWATER),FSI-015,INJECTION WELL,Injection Well,UAZ_UTRAU,ACTIVE ECO-SENSITIVE,33.26954081,-81.67693149,436954.878,3681181.173,181.8,176.8,192.3,C,193.27,15.84,2.0,PVC,,2008-02-27,
SRS,GSA,F & H-AREA HAZARDOUS WASTE MANAGEMENT FACILITIES  (GROUNDWATER),FSI-016,INJECTION WELL,Injection Well,UAZ_UTRAU,ACTIVE ECO-SENSITIVE,33.26956774,-81.6764365,437000.999,3681183.86,176.67,171.67,190.67,C,191.49,19.34,2.0,PVC,,2008-02-29,
SRS,GSA,F & H-AREA HAZARDOUS WASTE MANAGEMENT FACILITIES  (GROUNDWATER),FSI-017,INJECTION WELL,Injection Well,UAZ_UTRAU,ACTIVE ECO-SENSITIVE,33.26943556,-81.6766203,436983.785,3681169.317,175.37,170.37,188.71,C,189.71,18.67,2.0,PVC,,2008-02-28,
SRS,GSA,F & H-AREA HAZARDOUS WASTE MANAGEMENT FACILITIES  (GROUNDWATER),FSI-018,INJECTION WELL,Injection Well,UAZ_UTRAU,ACTIVE ECO-SENSITIVE,33.26936344,-81.67672435,436974.043,3681161.385,174.61,169.61,188.11,C,189.59,18.84,2.0,PVC,,2008-02-28,
SRS,GSA,F & H-AREA HAZARDOUS WASTE MANAGEMENT FACILITIES  (GROUNDWATER),FSI-019,INJECTION WELL,Injection Well,UAZ_UTRAU,ACTIVE ECO-SENSITIVE,33.26923587,-81.67691256,436956.422,3681147.355,176.73,171.73,189.73,C,190.58,,2.0,PVC,,2008-02-27,
SRS,GSA,F & H-AREA HAZARDOUS WASTE MANAGEMENT FACILITIES  (GROUNDWATER),FSI-020,INJECTION WELL,Injection Well,UAZ_UTRAU,ACTIVE ECO-SENSITIVE,33.26950524,-81.67826494,436830.661,3681178.035,181.26,176.26,194.6,C,195.44,18.67,2.0,PVC,,2008-03-03,
SRS,GSA,F & H-AREA HAZARDOUS WASTE MANAGEMENT FACILITIES  (GROUNDWATER),FSI-021,INJECTION WELL,Injection Well,UAZ_UTRAU,ACTIVE ECO-SENSITIVE,33.26939362,-81.67840719,436817.332,3681165.747,185.83,180.83,194.0,C,194.8,13.5,2.0,PVC,,2008-03-05,
SRS,GSA,F & H-AREA HAZARDOUS WASTE MANAGEMENT FACILITIES  (GROUNDWATER),FSI-022,INJECTION WELL,Injection Well,UAZ_UTRAU,ACTIVE ECO-SENSITIVE,33.26920271,-81.67868281,436791.525,3681144.748,183.4,178.4,194.24,C,195.58,16.17,2.0,PVC,,2008-03-05,
SRS,GSA,F & H-AREA HAZARDOUS WASTE MANAGEMENT FACILITIES  (GROUNDWATER),FSI-023,INJECTION WELL,Injection Well,UAZ_UTRAU,ACTIVE ECO-SENSITIVE,33.26888043,-81.67790172,436864.04,3681108.546,175.65,170.65,189.82,C,190.69,19.5,2.0,PVC,,2008-03-06,
SRS,GSA,F & H-AREA HAZARDOUS WASTE MANAGEMENT FACILITIES  (GROUNDWATER),FSI-024,INJECTION WELL,Injection Well,UAZ_UTRAU,ACTIVE ECO-SENSITIVE,33.26870494,-81.6781081,436844.692,3681089.216,175.74,170.74,188.74,C,189.61,18.34,2.0,PVC,,2008-03-06,
SRS,GSA,F & H-AREA HAZARDOUS WASTE MANAGEMENT FACILITIES  (GROUNDWATER),FSI-025,INJECTION WELL,Injection Well,UAZ_UTRAU,ACTIVE ECO-SENSITIVE,33.26861056,-81.67828834,436827.837,3681078.861,175.02,170.02,188.94,C,189.81,19.25,2.0,PVC,,2008-03-11,
SRS,GSA,F & H-AREA HAZARDOUS WASTE MANAGEMENT FACILITIES  (GROUNDWATER),FSI-026,INJECTION WELL,Injection Well,UAZ_UTRAU,ACTIVE ECO-SENSITIVE,33.26845011,-81.67795871,436858.423,3681060.874,174.18,169.18,187.68,C,188.53,18.84,2.0,PVC,,2008-03-10,
SRS,GSA,F & H-AREA HAZARDOUS WASTE MANAGEMENT FACILITIES  (GROUNDWATER),FSI-027,INJECTION WELL,Injection Well,UAZ_UTRAU,ACTIVE ECO-SENSITIVE,33.26828677,-81.67820991,436834.91,3681042.917,171.23,166.23,186.57,C,187.45,20.67,2.0,PVC,,2008-03-10,
SRS,GSA,F & H-AREA HAZARDOUS WASTE MANAGEMENT FACILITIES  (GROUNDWATER),FSI-028,INJECTION WELL,Injection Well,UAZ_UTRAU,ACTIVE ECO-SENSITIVE,33.26806021,-81.67847376,436810.172,3681017.959,180.85,170.85,191.52,C,192.37,21.0,2.0,PVC,,2008-03-11,
SRS,GSA,F & H-AREA HAZARDOUS WASTE MANAGEMENT FACILITIES  (GROUNDWATER),FSI-029,INJECTION WELL,Injection Well,UAZ_UTRAU,ACTIVE ECO-SENSITIVE,33.26760318,-81.68069788,436602.694,3680968.639,174.51,169.51,190.51,C,191.32,21.34,2.0,PVC,,2008-03-20,
SRS,GSA,F & H-AREA HAZARDOUS WASTE MANAGEMENT FACILITIES  (GROUNDWATER),FSI-030,INJECTION WELL,Injection Well,UAZ_UTRAU,ACTIVE ECO-SENSITIVE,33.26747263,-81.68090818,436583.012,3680954.293,173.21,168.21,189.38,C,190.18,21.5,2.0,PVC,,2008-03-20,
SRS,GSA,F & H-AREA HAZARDOUS WASTE MANAGEMENT FACILITIES  (GROUNDWATER),FSI-031,INJECTION WELL,Injection Well,UAZ_UTRAU,ACTIVE ECO-SENSITIVE,33.2673571,-81.68024549,436644.651,3680941.083,174.03,169.03,188.2,C,189.08,19.5,2.0,PVC,,2008-03-18,
SRS,GSA,F & H-AREA HAZARDOUS WASTE MANAGEMENT FACILITIES  (GROUNDWATER),FSI-032,INJECTION WELL,Injection Well,UAZ_UTRAU,ACTIVE ECO-SENSITIVE,33.26719272,-81.68051191,436619.718,3680923.02,172.52,167.52,186.52,C,187.36,19.34,2.0,PVC,,2008-03-18,
SRS,GSA,F & H-AREA HAZARDOUS WASTE MANAGEMENT FACILITIES  (GROUNDWATER),FSI-033,INJECTION WELL,Injection Well,UAZ_UTRAU,ACTIVE ECO-SENSITIVE,33.26694749,-81.68034073,436635.484,3680895.729,170.07,165.07,184.57,C,185.38,19.84,2.0,PVC,,2008-03-18,
SRS,GSA,F & H-AREA HAZARDOUS WASTE MANAGEMENT FACILITIES  (GROUNDWATER),FSI-034,INJECTION WELL,Injection Well,UAZ_UTRAU,ACTIVE ECO-SENSITIVE,33.26687639,-81.68060501,436610.818,3680888.006,169.17,164.17,183.84,C,184.75,20.0,2.0,PVC,,2008-03-14,
SRS,GSA,F-AREA WETLANDS PIEZOMETERS FOR WATER TABLE MONITORING,FSP-002A,PIEZOMETER WELL,Wetland Piezometer,UAZ_UTRAU,ACTIVE ECO-SENSITIVE,33.26695033,-81.67885304,436774.047,3680895.143,163.5,161.0,183.5,C,186.7,25.5,2.0,PVC,,2002-01-22,
SRS,GSA,F-AREA WETLANDS PIEZOMETERS FOR WATER TABLE MONITORING,FSP-002B,PIEZOMETER WELL,Wetland Piezometer,UAZ_UTRAU,ACTIVE ECO-SENSITIVE,33.2669516,-81.67885993,436773.406,3680895.287,180.8,175.8,183.8,C,186.79,11.0,2.0,PVC,,2002-01-22,
SRS,GSA,F & H-AREA HAZARDOUS WASTE MANAGEMENT FACILITIES  (GROUNDWATER),FSP-047A,SEEPLINE,Wetland Piezometer,UAZ_UTRAU,ACTIVE ECO-SENSITIVE,33.27116289,-81.6765265,436993.762,3681360.76,186.8,184.31,198.3,C,200.68,16.21,2.0,PVC,NONE,2004-03-04,
SRS,GSA,F & H-AREA HAZARDOUS WASTE MANAGEMENT FACILITIES  (GROUNDWATER),FSP-072A,SEEPLINE,Wetland Piezometer,UAZ_UTRAU,ACTIVE ECO-SENSITIVE,33.27369953,-81.6699964,437603.739,3681638.064,178.8,176.3,194.8,C,197.76,21.5,2.0,PVC,,2002-01-30,
SRS,GSA,F & H-AREA HAZARDOUS WASTE MANAGEMENT FACILITIES  (GROUNDWATER),FSP-072B,SEEPLINE,Wetland Piezometer,UAZ_UTRAU,ACTIVE ECO-SENSITIVE,33.27370442,-81.67000069,437603.342,3681638.608,189.8,184.8,194.8,C,197.76,13.0,2.0,PVC,,2002-01-30,
SRS,GSA,F & H-AREA HAZARDOUS WASTE MANAGEMENT FACILITIES  (GROUNDWATER),FSP-012A,SEEPLINE,Wetland Piezometer,UAZ_UTRAU,ACTIVE ECO-SENSITIVE,33.26956149,-81.6790749,436755.266,3681184.762,188.78,186.27,200.7,C,203.37,16.93,2.0,PVC,NONE,2004-03-09,
SRS,GSA,F & H-AREA HAZARDOUS WASTE MANAGEMENT FACILITIES  (GROUNDWATER),FSP-204A,SEEPLINE,Wetland Piezometer,UAZ_UTRAU,ACTIVE ECO-SENSITIVE,33.26753297,-81.68058672,436612.996,3680960.787,178.27,175.78,190.5,C,192.92,17.17,2.0,PVC,NONE,2004-03-05,
SRS,GSA,F & H-AREA HAZARDOUS WASTE MANAGEMENT FACILITIES  (GROUNDWATER),FSP-226A,SEEPLINE,Wetland Piezometer,UAZ_UTRAU,ACTIVE ECO-SENSITIVE,33.26718594,-81.68118874,436556.675,3680922.679,177.41,174.9,189.5,C,192.01,17.05,2.0,PVC,NONE,2004-03-08,
SRS,GSA,F-AREA WETLANDS PIEZOMETERS FOR WATER TABLE MONITORING,FSP-249A,PIEZOMETER WELL,Wetland Piezometer,UAZ_UTRAU,ACTIVE ECO-SENSITIVE,33.26563448,-81.68265524,436418.964,3680751.569,173.0,170.5,185.5,C,188.24,18.0,2.0,PVC,,2002-01-23,
SRS,GSA,F-AREA WETLANDS PIEZOMETERS FOR WATER TABLE MONITORING,FSP-249B,PIEZOMETER WELL,Wetland Piezometer,UAZ_UTRAU,ACTIVE ECO-SENSITIVE,33.2656443,-81.68266005,436418.523,3680752.661,182.7,177.7,185.7,C,187.89,10.5,2.0,PVC,,2002-01-23,
